NA, FW_VERSION, FW_DATE 
HP8753ES,07.74,"Oct 30, 2002"
DATE, TIME,
"20 Aug 2018 ","16:51:50",
CHAN,MEAS,FORMAT
1,Z:R,LIN_MAG
CHAN_START_FREQ,CHAN_STOP_FREQ,
30000,100000000,
POINTS, POWER, IF_BW
1601,0E0,3700
FREQUENCY,UNITS,
Hz,U,
30000, 8.96E-1,
92481, 1.8987E+1,
154963, 2.1712E+1,
217444, 2.3165E+1,
279925, 2.3002E+1,
342406, 5.8856E-1,
404888, 1.1623E+0,
467369, 1.6493E+0,
529850, 2.0413E+0,
592331, 2.1786E+0,
654813, 2.2551E+0,
717294, 2.3175E+0,
779775, 2.4967E+0,
842256, 2.8418E+0,
904738, 3.1803E+0,
967219, 3.4982E+0,
1029700, 3.8053E+0,
1092181, 4.0623E+0,
1154663, 4.3306E+0,
1217144, 4.5769E+0,
1279625, 4.8308E+0,
1342106, 5.074E+0,
1404588, 5.3125E+0,
1467069, 5.5576E+0,
1529550, 5.7815E+0,
1592031, 6.0313E+0,
1654513, 6.2212E+0,
1716994, 6.4841E+0,
1779475, 6.7034E+0,
1841956, 6.9604E+0,
1904438, 7.1558E+0,
1966919, 7.3762E+0,
2029400, 7.606E+0,
2091881, 7.8689E+0,
2154363, 8.0957E+0,
2216844, 8.3389E+0,
2279325, 8.5708E+0,
2341806, 8.8105E+0,
2404288, 9.0469E+0,
2466769, 9.269E+0,
2529250, 9.5298E+0,
2591731, 9.7632E+0,
2654213, 9.9814E+0,
2716694, 1.0222E+1,
2779175, 1.0462E+1,
2841656, 1.0707E+1,
2904138, 1.0902E+1,
2966619, 1.1152E+1,
3029100, 1.1403E+1,
3091581, 1.1611E+1,
3154063, 1.1853E+1,
3216544, 1.2042E+1,
3279025, 1.2267E+1,
3341506, 1.2458E+1,
3403988, 1.2747E+1,
3466469, 1.299E+1,
3528950, 1.326E+1,
3591431, 1.3509E+1,
3653913, 1.3729E+1,
3716394, 1.3957E+1,
3778875, 1.4182E+1,
3841356, 1.4455E+1,
3903838, 1.4651E+1,
3966319, 1.4879E+1,
4028800, 1.5129E+1,
4091281, 1.5366E+1,
4153763, 1.5581E+1,
4216244, 1.5834E+1,
4278725, 1.6069E+1,
4341206, 1.6263E+1,
4403688, 1.6551E+1,
4466169, 1.6751E+1,
4528650, 1.7035E+1,
4591131, 1.7253E+1,
4653613, 1.7505E+1,
4716094, 1.7744E+1,
4778575, 1.7958E+1,
4841056, 1.819E+1,
4903538, 1.8451E+1,
4966019, 1.8648E+1,
5028500, 1.887E+1,
5090981, 1.9124E+1,
5153463, 1.9338E+1,
5215944, 1.9589E+1,
5278425, 1.9824E+1,
5340906, 2.0044E+1,
5403388, 2.027E+1,
5465869, 2.0492E+1,
5528350, 2.0758E+1,
5590831, 2.0978E+1,
5653313, 2.121E+1,
5715794, 2.1463E+1,
5778275, 2.1729E+1,
5840756, 2.193E+1,
5903238, 2.2187E+1,
5965719, 2.2431E+1,
6028200, 2.2675E+1,
6090681, 2.2883E+1,
6153163, 2.3145E+1,
6215644, 2.3367E+1,
6278125, 2.359E+1,
6340606, 2.3828E+1,
6403088, 2.4069E+1,
6465569, 2.4322E+1,
6528050, 2.4558E+1,
6590531, 2.4777E+1,
6653013, 2.4985E+1,
6715494, 2.5271E+1,
6777975, 2.5491E+1,
6840456, 2.5748E+1,
6902938, 2.5965E+1,
6965419, 2.6261E+1,
7027900, 2.6474E+1,
7090381, 2.6706E+1,
7152863, 2.6932E+1,
7215344, 2.7197E+1,
7277825, 2.7431E+1,
7340306, 2.7621E+1,
7402788, 2.7905E+1,
7465269, 2.8099E+1,
7527750, 2.837E+1,
7590231, 2.8577E+1,
7652713, 2.884E+1,
7715194, 2.9041E+1,
7777675, 2.9288E+1,
7840156, 2.9535E+1,
7902638, 2.978E+1,
7965119, 3.0048E+1,
8027600, 3.0271E+1,
8090081, 3.0515E+1,
8152563, 3.0743E+1,
8215044, 3.097E+1,
8277525, 3.1247E+1,
8340006, 3.1427E+1,
8402488, 3.1708E+1,
8464969, 3.1919E+1,
8527450, 3.2156E+1,
8589931, 3.2385E+1,
8652413, 3.2666E+1,
8714894, 3.2852E+1,
8777375, 3.3127E+1,
8839856, 3.3371E+1,
8902338, 3.3615E+1,
8964819, 3.3859E+1,
9027300, 3.4146E+1,
9089781, 3.432E+1,
9152263, 3.4576E+1,
9214744, 3.4803E+1,
9277225, 3.502E+1,
9339706, 3.5314E+1,
9402188, 3.5543E+1,
9464669, 3.576E+1,
9527150, 3.6025E+1,
9589631, 3.624E+1,
9652113, 3.6496E+1,
9714594, 3.6793E+1,
9777075, 3.7006E+1,
9839556, 3.7238E+1,
9902038, 3.7461E+1,
9964519, 3.7699E+1,
10027000, 3.7939E+1,
10089481, 3.8215E+1,
10151963, 3.841E+1,
10214444, 3.8705E+1,
10276925, 3.8922E+1,
10339406, 3.9121E+1,
10401888, 3.9393E+1,
10464369, 3.966E+1,
10526850, 3.9859E+1,
10589331, 4.0121E+1,
10651813, 4.0365E+1,
10714294, 4.0615E+1,
10776775, 4.0875E+1,
10839256, 4.1107E+1,
10901738, 4.1373E+1,
10964219, 4.1613E+1,
11026700, 4.1891E+1,
11089181, 4.216E+1,
11151663, 4.2338E+1,
11214144, 4.257E+1,
11276625, 4.2818E+1,
11339106, 4.3086E+1,
11401588, 4.3285E+1,
11464069, 4.3543E+1,
11526550, 4.3758E+1,
11589031, 4.4047E+1,
11651513, 4.4299E+1,
11713994, 4.4564E+1,
11776475, 4.4779E+1,
11838956, 4.5053E+1,
11901438, 4.5279E+1,
11963919, 4.5504E+1,
12026400, 4.5836E+1,
12088881, 4.6096E+1,
12151363, 4.6305E+1,
12213844, 4.6605E+1,
12276325, 4.6813E+1,
12338806, 4.7088E+1,
12401288, 4.7309E+1,
12463769, 4.76E+1,
12526250, 4.7783E+1,
12588731, 4.8059E+1,
12651213, 4.8312E+1,
12713694, 4.8588E+1,
12776175, 4.8764E+1,
12838656, 4.9035E+1,
12901138, 4.9262E+1,
12963619, 4.9504E+1,
13026100, 4.9764E+1,
13088581, 5.0006E+1,
13151063, 5.0234E+1,
13213544, 5.0482E+1,
13276025, 5.0721E+1,
13338506, 5.0979E+1,
13400988, 5.1211E+1,
13463469, 5.1533E+1,
13525950, 5.1693E+1,
13588431, 5.2004E+1,
13650913, 5.2211E+1,
13713394, 5.2523E+1,
13775875, 5.2785E+1,
13838356, 5.2982E+1,
13900838, 5.3328E+1,
13963319, 5.3525E+1,
14025800, 5.3793E+1,
14088281, 5.4061E+1,
14150763, 5.4299E+1,
14213244, 5.4568E+1,
14275725, 5.4844E+1,
14338206, 5.5174E+1,
14400688, 5.5393E+1,
14463169, 5.5631E+1,
14525650, 5.5881E+1,
14588131, 5.6133E+1,
14650613, 5.6328E+1,
14713094, 5.6602E+1,
14775575, 5.684E+1,
14838056, 5.698E+1,
14900538, 5.7285E+1,
14963019, 5.7457E+1,
15025500, 5.7713E+1,
15087981, 5.7979E+1,
15150463, 5.8254E+1,
15212944, 5.8488E+1,
15275425, 5.8744E+1,
15337906, 5.8994E+1,
15400388, 5.9209E+1,
15462869, 5.9525E+1,
15525350, 5.9775E+1,
15587831, 6.0008E+1,
15650313, 6.0289E+1,
15712794, 6.0582E+1,
15775275, 6.0789E+1,
15837756, 6.11E+1,
15900238, 6.1381E+1,
15962719, 6.1619E+1,
16025200, 6.1961E+1,
16087681, 6.2285E+1,
16150163, 6.2463E+1,
16212644, 6.2744E+1,
16275125, 6.2988E+1,
16337606, 6.327E+1,
16400088, 6.352E+1,
16462569, 6.3758E+1,
16525050, 6.402E+1,
16587531, 6.4305E+1,
16650013, 6.4594E+1,
16712494, 6.4816E+1,
16774975, 6.5117E+1,
16837456, 6.5391E+1,
16899938, 6.566E+1,
16962419, 6.5867E+1,
17024900, 6.6125E+1,
17087381, 6.641E+1,
17149863, 6.6617E+1,
17212344, 6.6824E+1,
17274825, 6.7152E+1,
17337306, 6.7441E+1,
17399788, 6.7703E+1,
17462269, 6.793E+1,
17524750, 6.8203E+1,
17587231, 6.8395E+1,
17649713, 6.8641E+1,
17712194, 6.9008E+1,
17774675, 6.9219E+1,
17837156, 6.9504E+1,
17899638, 6.9793E+1,
17962119, 7.0059E+1,
18024600, 7.034E+1,
18087081, 7.0543E+1,
18149563, 7.0781E+1,
18212044, 7.1063E+1,
18274525, 7.1305E+1,
18337006, 7.1598E+1,
18399488, 7.1797E+1,
18461969, 7.2113E+1,
18524450, 7.2445E+1,
18586931, 7.2676E+1,
18649413, 7.2922E+1,
18711894, 7.3195E+1,
18774375, 7.3465E+1,
18836856, 7.3762E+1,
18899338, 7.4063E+1,
18961819, 7.4285E+1,
19024300, 7.4578E+1,
19086781, 7.484E+1,
19149263, 7.5113E+1,
19211744, 7.541E+1,
19274225, 7.568E+1,
19336706, 7.593E+1,
19399188, 7.623E+1,
19461669, 7.6473E+1,
19524150, 7.6758E+1,
19586631, 7.7082E+1,
19649113, 7.7285E+1,
19711594, 7.7629E+1,
19774075, 7.7945E+1,
19836556, 7.8191E+1,
19899038, 7.8492E+1,
19961519, 7.8773E+1,
20024000, 7.898E+1,
20086481, 7.9242E+1,
20148963, 7.9586E+1,
20211444, 7.9793E+1,
20273925, 8.0043E+1,
20336406, 8.0453E+1,
20398888, 8.0648E+1,
20461369, 8.0891E+1,
20523850, 8.1137E+1,
20586331, 8.1453E+1,
20648813, 8.1777E+1,
20711294, 8.2008E+1,
20773775, 8.2297E+1,
20836256, 8.2582E+1,
20898738, 8.2758E+1,
20961219, 8.3102E+1,
21023700, 8.3328E+1,
21086181, 8.3688E+1,
21148663, 8.3949E+1,
21211144, 8.423E+1,
21273625, 8.4473E+1,
21336106, 8.4879E+1,
21398588, 8.5082E+1,
21461069, 8.5352E+1,
21523550, 8.5672E+1,
21586031, 8.5945E+1,
21648513, 8.6195E+1,
21710994, 8.6473E+1,
21773475, 8.6781E+1,
21835956, 8.7082E+1,
21898438, 8.7387E+1,
21960919, 8.7672E+1,
22023400, 8.7914E+1,
22085881, 8.8207E+1,
22148363, 8.8551E+1,
22210844, 8.8844E+1,
22273325, 8.9063E+1,
22335806, 8.9391E+1,
22398288, 8.9637E+1,
22460769, 8.993E+1,
22523250, 9.0234E+1,
22585731, 9.0465E+1,
22648213, 9.0734E+1,
22710694, 9.1137E+1,
22773175, 9.1344E+1,
22835656, 9.1687E+1,
22898138, 9.1895E+1,
22960619, 9.2234E+1,
23023100, 9.2566E+1,
23085581, 9.2859E+1,
23148063, 9.3066E+1,
23210544, 9.3406E+1,
23273025, 9.3656E+1,
23335506, 9.4043E+1,
23397988, 9.4301E+1,
23460469, 9.4641E+1,
23522950, 9.4934E+1,
23585431, 9.5242E+1,
23647913, 9.5398E+1,
23710394, 9.573E+1,
23772875, 9.6035E+1,
23835356, 9.6426E+1,
23897838, 9.6656E+1,
23960319, 9.7109E+1,
24022800, 9.7316E+1,
24085281, 9.7586E+1,
24147763, 9.782E+1,
24210244, 9.8207E+1,
24272725, 9.8512E+1,
24335206, 9.8777E+1,
24397688, 9.9125E+1,
24460169, 9.932E+1,
24522650, 9.9676E+1,
24585131, 1.0007E+2,
24647613, 1.0036E+2,
24710094, 1.0068E+2,
24772575, 1.0083E+2,
24835056, 1.0119E+2,
24897538, 1.0149E+2,
24960019, 1.0174E+2,
25022500, 1.0213E+2,
25084981, 1.0242E+2,
25147463, 1.0276E+2,
25209944, 1.0308E+2,
25272425, 1.0339E+2,
25334906, 1.0368E+2,
25397388, 1.0388E+2,
25459869, 1.0434E+2,
25522350, 1.0448E+2,
25584831, 1.0472E+2,
25647313, 1.0514E+2,
25709794, 1.0542E+2,
25772275, 1.0584E+2,
25834756, 1.0605E+2,
25897238, 1.0636E+2,
25959719, 1.0666E+2,
26022200, 1.0703E+2,
26084681, 1.0736E+2,
26147163, 1.0757E+2,
26209644, 1.0794E+2,
26272125, 1.082E+2,
26334606, 1.0853E+2,
26397088, 1.0882E+2,
26459569, 1.0924E+2,
26522050, 1.0962E+2,
26584531, 1.0992E+2,
26647013, 1.1014E+2,
26709494, 1.1052E+2,
26771975, 1.1067E+2,
26834456, 1.1104E+2,
26896938, 1.1135E+2,
26959419, 1.1177E+2,
27021900, 1.1206E+2,
27084381, 1.1222E+2,
27146863, 1.127E+2,
27209344, 1.1302E+2,
27271825, 1.133E+2,
27334306, 1.1361E+2,
27396788, 1.1404E+2,
27459269, 1.1418E+2,
27521750, 1.1455E+2,
27584231, 1.1495E+2,
27646713, 1.1529E+2,
27709194, 1.1548E+2,
27771675, 1.1584E+2,
27834156, 1.1616E+2,
27896638, 1.165E+2,
27959119, 1.1681E+2,
28021600, 1.1701E+2,
28084081, 1.1723E+2,
28146563, 1.1759E+2,
28209044, 1.1822E+2,
28271525, 1.1834E+2,
28334006, 1.1876E+2,
28396488, 1.1909E+2,
28458969, 1.1937E+2,
28521450, 1.1968E+2,
28583931, 1.2E+2,
28646413, 1.2037E+2,
28708894, 1.2052E+2,
28771375, 1.2103E+2,
28833856, 1.2139E+2,
28896338, 1.2164E+2,
28958819, 1.2185E+2,
29021300, 1.2215E+2,
29083781, 1.2258E+2,
29146263, 1.2283E+2,
29208744, 1.2319E+2,
29271225, 1.2349E+2,
29333706, 1.238E+2,
29396188, 1.2448E+2,
29458669, 1.2471E+2,
29521150, 1.2502E+2,
29583631, 1.2536E+2,
29646113, 1.2575E+2,
29708594, 1.2587E+2,
29771075, 1.2632E+2,
29833556, 1.2653E+2,
29896038, 1.2698E+2,
29958519, 1.2725E+2,
30021000, 1.2779E+2,
30083481, 1.2795E+2,
30145963, 1.2847E+2,
30208444, 1.2876E+2,
30270925, 1.2904E+2,
30333406, 1.2937E+2,
30395888, 1.2975E+2,
30458369, 1.3018E+2,
30520850, 1.3041E+2,
30583331, 1.3094E+2,
30645813, 1.3123E+2,
30708294, 1.3163E+2,
30770775, 1.3198E+2,
30833256, 1.3224E+2,
30895738, 1.3245E+2,
30958219, 1.3309E+2,
31020700, 1.3334E+2,
31083181, 1.336E+2,
31145663, 1.3402E+2,
31208144, 1.3443E+2,
31270625, 1.3463E+2,
31333106, 1.3493E+2,
31395588, 1.3539E+2,
31458069, 1.3563E+2,
31520550, 1.3598E+2,
31583031, 1.3653E+2,
31645513, 1.3672E+2,
31707994, 1.373E+2,
31770475, 1.3763E+2,
31832956, 1.38E+2,
31895438, 1.3826E+2,
31957919, 1.3855E+2,
32020400, 1.3895E+2,
32082881, 1.3936E+2,
32145363, 1.3982E+2,
32207844, 1.4021E+2,
32270325, 1.4064E+2,
32332806, 1.4091E+2,
32395288, 1.4157E+2,
32457769, 1.417E+2,
32520250, 1.421E+2,
32582731, 1.426E+2,
32645213, 1.4286E+2,
32707694, 1.4334E+2,
32770175, 1.4365E+2,
32832656, 1.439E+2,
32895138, 1.4401E+2,
32957619, 1.4451E+2,
33020100, 1.4484E+2,
33082581, 1.4536E+2,
33145063, 1.4559E+2,
33207544, 1.4591E+2,
33270025, 1.4625E+2,
33332506, 1.4673E+2,
33394988, 1.4716E+2,
33457469, 1.4768E+2,
33519950, 1.4777E+2,
33582431, 1.4855E+2,
33644913, 1.4872E+2,
33707394, 1.4914E+2,
33769875, 1.4945E+2,
33832356, 1.4973E+2,
33894838, 1.502E+2,
33957319, 1.5069E+2,
34019800, 1.5113E+2,
34082281, 1.5162E+2,
34144763, 1.5195E+2,
34207244, 1.5246E+2,
34269725, 1.5291E+2,
34332206, 1.5329E+2,
34394688, 1.5367E+2,
34457169, 1.5423E+2,
34519650, 1.5415E+2,
34582131, 1.5484E+2,
34644613, 1.5506E+2,
34707094, 1.5556E+2,
34769575, 1.5595E+2,
34832056, 1.5632E+2,
34894538, 1.5678E+2,
34957019, 1.5684E+2,
35019500, 1.573E+2,
35081981, 1.5765E+2,
35144463, 1.5822E+2,
35206944, 1.5857E+2,
35269425, 1.5895E+2,
35331906, 1.5937E+2,
35394388, 1.5976E+2,
35456869, 1.601E+2,
35519350, 1.6034E+2,
35581831, 1.6105E+2,
35644313, 1.614E+2,
35706794, 1.6196E+2,
35769275, 1.6224E+2,
35831756, 1.6302E+2,
35894238, 1.6309E+2,
35956719, 1.6359E+2,
36019200, 1.6398E+2,
36081681, 1.643E+2,
36144163, 1.6485E+2,
36206644, 1.652E+2,
36269125, 1.6531E+2,
36331606, 1.6595E+2,
36394088, 1.6634E+2,
36456569, 1.669E+2,
36519050, 1.6722E+2,
36581531, 1.6783E+2,
36644013, 1.6813E+2,
36706494, 1.6839E+2,
36768975, 1.6895E+2,
36831456, 1.6971E+2,
36893938, 1.6978E+2,
36956419, 1.7019E+2,
37018900, 1.7106E+2,
37081381, 1.7123E+2,
37143863, 1.7174E+2,
37206344, 1.7218E+2,
37268825, 1.724E+2,
37331306, 1.7281E+2,
37393788, 1.7358E+2,
37456269, 1.7368E+2,
37518750, 1.7419E+2,
37581231, 1.7459E+2,
37643713, 1.7521E+2,
37706194, 1.7548E+2,
37768675, 1.7598E+2,
37831156, 1.7661E+2,
37893638, 1.7677E+2,
37956119, 1.7734E+2,
38018600, 1.7791E+2,
38081081, 1.7802E+2,
38143563, 1.7865E+2,
38206044, 1.7891E+2,
38268525, 1.7955E+2,
38331006, 1.799E+2,
38393488, 1.8036E+2,
38455969, 1.8074E+2,
38518450, 1.8167E+2,
38580931, 1.8214E+2,
38643413, 1.8245E+2,
38705894, 1.8317E+2,
38768375, 1.8344E+2,
38830856, 1.8359E+2,
38893338, 1.8459E+2,
38955819, 1.8463E+2,
39018300, 1.8499E+2,
39080781, 1.8562E+2,
39143263, 1.8608E+2,
39205744, 1.8688E+2,
39268225, 1.8724E+2,
39330706, 1.8758E+2,
39393188, 1.8827E+2,
39455669, 1.8889E+2,
39518150, 1.8951E+2,
39580631, 1.8997E+2,
39643113, 1.9019E+2,
39705594, 1.9036E+2,
39768075, 1.9117E+2,
39830556, 1.9138E+2,
39893038, 1.9201E+2,
39955519, 1.9237E+2,
40018000, 1.9308E+2,
40080481, 1.9334E+2,
40142963, 1.9383E+2,
40205444, 1.9441E+2,
40267925, 1.9484E+2,
40330406, 1.9555E+2,
40392888, 1.959E+2,
40455369, 1.9637E+2,
40517850, 1.9691E+2,
40580331, 1.9743E+2,
40642813, 1.9841E+2,
40705294, 1.9859E+2,
40767775, 1.9898E+2,
40830256, 1.9923E+2,
40892738, 1.9977E+2,
40955219, 2.0038E+2,
41017700, 2.0074E+2,
41080181, 2.013E+2,
41142663, 2.0207E+2,
41205144, 2.0244E+2,
41267625, 2.0304E+2,
41330106, 2.0359E+2,
41392588, 2.0396E+2,
41455069, 2.0462E+2,
41517550, 2.0516E+2,
41580031, 2.0562E+2,
41642513, 2.0588E+2,
41704994, 2.066E+2,
41767475, 2.0699E+2,
41829956, 2.0788E+2,
41892438, 2.0864E+2,
41954919, 2.0871E+2,
42017400, 2.095E+2,
42079881, 2.0974E+2,
42142363, 2.1035E+2,
42204844, 2.1103E+2,
42267325, 2.118E+2,
42329806, 2.1216E+2,
42392288, 2.128E+2,
42454769, 2.1284E+2,
42517250, 2.1305E+2,
42579731, 2.1361E+2,
42642213, 2.1434E+2,
42704694, 2.1469E+2,
42767175, 2.1559E+2,
42829656, 2.1594E+2,
42892138, 2.1639E+2,
42954619, 2.1688E+2,
43017100, 2.1811E+2,
43079581, 2.1861E+2,
43142063, 2.193E+2,
43204544, 2.2002E+2,
43267025, 2.2006E+2,
43329506, 2.21E+2,
43391988, 2.2152E+2,
43454469, 2.2205E+2,
43516950, 2.2238E+2,
43579431, 2.2284E+2,
43641913, 2.2377E+2,
43704394, 2.241E+2,
43766875, 2.2486E+2,
43829356, 2.2523E+2,
43891838, 2.2578E+2,
43954319, 2.2645E+2,
44016800, 2.2724E+2,
44079281, 2.2777E+2,
44141763, 2.2814E+2,
44204244, 2.2927E+2,
44266725, 2.2935E+2,
44329206, 2.3024E+2,
44391688, 2.3077E+2,
44454169, 2.3141E+2,
44516650, 2.3182E+2,
44579131, 2.3237E+2,
44641613, 2.3289E+2,
44704094, 2.3355E+2,
44766575, 2.3453E+2,
44829056, 2.3483E+2,
44891538, 2.3532E+2,
44954019, 2.3595E+2,
45016500, 2.3702E+2,
45078981, 2.3752E+2,
45141463, 2.3771E+2,
45203944, 2.3876E+2,
45266425, 2.3913E+2,
45328906, 2.4045E+2,
45391388, 2.4041E+2,
45453869, 2.4145E+2,
45516350, 2.4174E+2,
45578831, 2.4281E+2,
45641313, 2.4368E+2,
45703794, 2.4425E+2,
45766275, 2.447E+2,
45828756, 2.4605E+2,
45891238, 2.4652E+2,
45953719, 2.4757E+2,
46016200, 2.4773E+2,
46078681, 2.4759E+2,
46141163, 2.4873E+2,
46203644, 2.4933E+2,
46266125, 2.4981E+2,
46328606, 2.5002E+2,
46391088, 2.5073E+2,
46453569, 2.5197E+2,
46516050, 2.5225E+2,
46578531, 2.5275E+2,
46641013, 2.5378E+2,
46703494, 2.5478E+2,
46765975, 2.5551E+2,
46828456, 2.554E+2,
46890938, 2.5697E+2,
46953419, 2.5756E+2,
47015900, 2.5831E+2,
47078381, 2.5886E+2,
47140863, 2.5975E+2,
47203344, 2.6019E+2,
47265825, 2.6125E+2,
47328306, 2.6167E+2,
47390788, 2.6306E+2,
47453269, 2.6366E+2,
47515750, 2.6398E+2,
47578231, 2.6509E+2,
47640713, 2.6556E+2,
47703194, 2.6638E+2,
47765675, 2.6698E+2,
47828156, 2.6781E+2,
47890638, 2.6828E+2,
47953119, 2.692E+2,
48015600, 2.6964E+2,
48078081, 2.7033E+2,
48140563, 2.7123E+2,
48203044, 2.7208E+2,
48265525, 2.728E+2,
48328006, 2.7328E+2,
48390488, 2.7441E+2,
48452969, 2.7478E+2,
48515450, 2.7525E+2,
48577931, 2.7594E+2,
48640413, 2.7714E+2,
48702894, 2.7719E+2,
48765375, 2.7823E+2,
48827856, 2.7928E+2,
48890338, 2.8069E+2,
48952819, 2.8073E+2,
49015300, 2.8125E+2,
49077781, 2.8219E+2,
49140263, 2.8328E+2,
49202744, 2.8419E+2,
49265225, 2.8502E+2,
49327706, 2.8547E+2,
49390188, 2.8605E+2,
49452669, 2.8705E+2,
49515150, 2.882E+2,
49577631, 2.8889E+2,
49640113, 2.8955E+2,
49702594, 2.8984E+2,
49765075, 2.9159E+2,
49827556, 2.9205E+2,
49890038, 2.9278E+2,
49952519, 2.9348E+2,
50015000, 2.9466E+2,
50077481, 2.9542E+2,
50139963, 2.9659E+2,
50202444, 2.9692E+2,
50264925, 2.9825E+2,
50327406, 2.9898E+2,
50389888, 2.9963E+2,
50452369, 3.0023E+2,
50514850, 3.0103E+2,
50577331, 3.0206E+2,
50639813, 3.0308E+2,
50702294, 3.0363E+2,
50764775, 3.0503E+2,
50827256, 3.0478E+2,
50889738, 3.0594E+2,
50952219, 3.0673E+2,
51014700, 3.0819E+2,
51077181, 3.0906E+2,
51139663, 3.0942E+2,
51202144, 3.1081E+2,
51264625, 3.1086E+2,
51327106, 3.1141E+2,
51389588, 3.1322E+2,
51452069, 3.1372E+2,
51514550, 3.1425E+2,
51577031, 3.1519E+2,
51639513, 3.1569E+2,
51701994, 3.1613E+2,
51764475, 3.1763E+2,
51826956, 3.183E+2,
51889438, 3.1981E+2,
51951919, 3.1898E+2,
52014400, 3.1994E+2,
52076881, 3.2144E+2,
52139363, 3.2163E+2,
52201844, 3.2241E+2,
52264325, 3.2298E+2,
52326806, 3.2398E+2,
52389288, 3.2441E+2,
52451769, 3.2673E+2,
52514250, 3.2727E+2,
52576731, 3.2839E+2,
52639213, 3.2861E+2,
52701694, 3.3002E+2,
52764175, 3.3042E+2,
52826656, 3.3227E+2,
52889138, 3.3223E+2,
52951619, 3.3323E+2,
53014100, 3.3347E+2,
53076581, 3.3403E+2,
53139063, 3.3489E+2,
53201544, 3.3609E+2,
53264025, 3.3698E+2,
53326506, 3.3736E+2,
53388988, 3.3838E+2,
53451469, 3.3956E+2,
53513950, 3.4172E+2,
53576431, 3.412E+2,
53638913, 3.4183E+2,
53701394, 3.4242E+2,
53763875, 3.4347E+2,
53826356, 3.4405E+2,
53888838, 3.4444E+2,
53951319, 3.453E+2,
54013800, 3.4661E+2,
54076281, 3.4769E+2,
54138763, 3.4803E+2,
54201244, 3.4903E+2,
54263725, 3.5083E+2,
54326206, 3.507E+2,
54388688, 3.5242E+2,
54451169, 3.5297E+2,
54513650, 3.537E+2,
54576131, 3.5533E+2,
54638613, 3.5641E+2,
54701094, 3.5772E+2,
54763575, 3.5845E+2,
54826056, 3.5928E+2,
54888538, 3.5888E+2,
54951019, 3.607E+2,
55013500, 3.6106E+2,
55075981, 3.6333E+2,
55138463, 3.6347E+2,
55200944, 3.6519E+2,
55263425, 3.65E+2,
55325906, 3.6658E+2,
55388388, 3.6736E+2,
55450869, 3.6889E+2,
55513350, 3.6936E+2,
55575831, 3.7075E+2,
55638313, 3.7231E+2,
55700794, 3.7378E+2,
55763275, 3.7248E+2,
55825756, 3.7508E+2,
55888238, 3.7628E+2,
55950719, 3.775E+2,
56013200, 3.7788E+2,
56075681, 3.7933E+2,
56138163, 3.8072E+2,
56200644, 3.8213E+2,
56263125, 3.8286E+2,
56325606, 3.845E+2,
56388088, 3.8555E+2,
56450569, 3.8638E+2,
56513050, 3.8759E+2,
56575531, 3.8952E+2,
56638013, 3.8975E+2,
56700494, 3.92E+2,
56762975, 3.9323E+2,
56825456, 3.9408E+2,
56887938, 3.9575E+2,
56950419, 3.9675E+2,
57012900, 3.9783E+2,
57075381, 3.9898E+2,
57137863, 4.0094E+2,
57200344, 4.0198E+2,
57262825, 4.0297E+2,
57325306, 4.0469E+2,
57387788, 4.0444E+2,
57450269, 4.078E+2,
57512750, 4.0711E+2,
57575231, 4.0814E+2,
57637713, 4.092E+2,
57700194, 4.1077E+2,
57762675, 4.1113E+2,
57825156, 4.1317E+2,
57887638, 4.1442E+2,
57950119, 4.1561E+2,
58012600, 4.1681E+2,
58075081, 4.1934E+2,
58137563, 4.2009E+2,
58200044, 4.2156E+2,
58262525, 4.2495E+2,
58325006, 4.2481E+2,
58387488, 4.2425E+2,
58449969, 4.2877E+2,
58512450, 4.3017E+2,
58574931, 4.3013E+2,
58637413, 4.3094E+2,
58699894, 4.3322E+2,
58762375, 4.3417E+2,
58824856, 4.3488E+2,
58887338, 4.3852E+2,
58949819, 4.3886E+2,
59012300, 4.4089E+2,
59074781, 4.4363E+2,
59137263, 4.4348E+2,
59199744, 4.4495E+2,
59262225, 4.4611E+2,
59324706, 4.4822E+2,
59387188, 4.5047E+2,
59449669, 4.52E+2,
59512150, 4.5395E+2,
59574631, 4.5491E+2,
59637113, 4.5623E+2,
59699594, 4.5763E+2,
59762075, 4.5912E+2,
59824556, 4.615E+2,
59887038, 4.603E+2,
59949519, 4.6433E+2,
60012000, 4.6695E+2,
60074481, 4.6717E+2,
60136963, 4.6805E+2,
60199444, 4.6984E+2,
60261925, 4.7152E+2,
60324406, 4.7433E+2,
60386888, 4.745E+2,
60449369, 4.782E+2,
60511850, 4.7913E+2,
60574331, 4.8195E+2,
60636813, 4.8369E+2,
60699294, 4.8475E+2,
60761775, 4.8748E+2,
60824256, 4.8709E+2,
60886738, 4.9002E+2,
60949219, 4.9197E+2,
61011700, 4.9366E+2,
61074181, 4.94E+2,
61136663, 4.9463E+2,
61199144, 4.9738E+2,
61261625, 5.0005E+2,
61324106, 5.0091E+2,
61386588, 5.0303E+2,
61449069, 5.0247E+2,
61511550, 5.0519E+2,
61574031, 5.0605E+2,
61636513, 5.0847E+2,
61698994, 5.1156E+2,
61761475, 5.1263E+2,
61823956, 5.1638E+2,
61886438, 5.1738E+2,
61948919, 5.2144E+2,
62011400, 5.2263E+2,
62073881, 5.2413E+2,
62136363, 5.2597E+2,
62198844, 5.2806E+2,
62261325, 5.2906E+2,
62323806, 5.3047E+2,
62386288, 5.3159E+2,
62448769, 5.3197E+2,
62511250, 5.3778E+2,
62573731, 5.4078E+2,
62636213, 5.4028E+2,
62698694, 5.4422E+2,
62761175, 5.4278E+2,
62823656, 5.4831E+2,
62886138, 5.4931E+2,
62948619, 5.5306E+2,
63011100, 5.5419E+2,
63073581, 5.5616E+2,
63136063, 5.5875E+2,
63198544, 5.6056E+2,
63261025, 5.6334E+2,
63323506, 5.6513E+2,
63385988, 5.6866E+2,
63448469, 5.6859E+2,
63510950, 5.7275E+2,
63573431, 5.7475E+2,
63635913, 5.7719E+2,
63698394, 5.8034E+2,
63760875, 5.8322E+2,
63823356, 5.8334E+2,
63885838, 5.8547E+2,
63948319, 5.8822E+2,
64010800, 5.9472E+2,
64073281, 5.9413E+2,
64135763, 5.9759E+2,
64198244, 5.9872E+2,
64260725, 6.025E+2,
64323206, 6.0069E+2,
64385688, 6.075E+2,
64448169, 6.0956E+2,
64510650, 6.085E+2,
64573131, 6.1078E+2,
64635613, 6.1497E+2,
64698094, 6.1956E+2,
64760575, 6.2053E+2,
64823056, 6.2453E+2,
64885538, 6.26E+2,
64948019, 6.3031E+2,
65010500, 6.3122E+2,
65072981, 6.3569E+2,
65135463, 6.3981E+2,
65197944, 6.4159E+2,
65260425, 6.4606E+2,
65322906, 6.4959E+2,
65385388, 6.4881E+2,
65447869, 6.5091E+2,
65510350, 6.5225E+2,
65572831, 6.5878E+2,
65635313, 6.6091E+2,
65697794, 6.6269E+2,
65760275, 6.6853E+2,
65822756, 6.6953E+2,
65885238, 6.7066E+2,
65947719, 6.7297E+2,
66010200, 6.7825E+2,
66072681, 6.8072E+2,
66135163, 6.8681E+2,
66197644, 6.8469E+2,
66260125, 6.8878E+2,
66322606, 6.9344E+2,
66385088, 6.9384E+2,
66447569, 7.0006E+2,
66510050, 7.0153E+2,
66572531, 7.0409E+2,
66635013, 7.0941E+2,
66697494, 7.1537E+2,
66759975, 7.2113E+2,
66822456, 7.2334E+2,
66884938, 7.2288E+2,
66947419, 7.2822E+2,
67009900, 7.3719E+2,
67072381, 7.3431E+2,
67134863, 7.3459E+2,
67197344, 7.4059E+2,
67259825, 7.4234E+2,
67322306, 7.4941E+2,
67384788, 7.4944E+2,
67447269, 7.5388E+2,
67509750, 7.5403E+2,
67572231, 7.6178E+2,
67634713, 7.6872E+2,
67697194, 7.6759E+2,
67759675, 7.7072E+2,
67822156, 7.7594E+2,
67884638, 7.7938E+2,
67947119, 7.8228E+2,
68009600, 7.8797E+2,
68072081, 7.9444E+2,
68134563, 7.9444E+2,
68197044, 7.9413E+2,
68259525, 8.0163E+2,
68322006, 8.0613E+2,
68384488, 8.1519E+2,
68446969, 8.1566E+2,
68509450, 8.2203E+2,
68571931, 8.2675E+2,
68634413, 8.35E+2,
68696894, 8.3756E+2,
68759375, 8.3931E+2,
68821856, 8.4481E+2,
68884338, 8.4888E+2,
68946819, 8.5197E+2,
69009300, 8.6066E+2,
69071781, 8.6181E+2,
69134263, 8.6825E+2,
69196744, 8.6641E+2,
69259225, 8.7228E+2,
69321706, 8.8284E+2,
69384188, 8.8716E+2,
69446669, 8.9088E+2,
69509150, 8.9303E+2,
69571631, 8.9844E+2,
69634113, 9.0131E+2,
69696594, 9.1463E+2,
69759075, 9.1738E+2,
69821556, 9.2744E+2,
69884038, 9.2803E+2,
69946519, 9.4044E+2,
70009000, 9.4525E+2,
70071481, 9.485E+2,
70133963, 9.5909E+2,
70196444, 9.6344E+2,
70258925, 9.6134E+2,
70321406, 9.7291E+2,
70383888, 9.7778E+2,
70446369, 9.8766E+2,
70508850, 9.8678E+2,
70571331, 9.9391E+2,
70633813, 1.0001E+3,
70696294, 1.0057E+3,
70758775, 1.0175E+3,
70821256, 1.0233E+3,
70883738, 1.0344E+3,
70946219, 1.0399E+3,
71008700, 1.039E+3,
71071181, 1.0464E+3,
71133663, 1.0538E+3,
71196144, 1.0631E+3,
71258625, 1.0636E+3,
71321106, 1.0747E+3,
71383588, 1.0812E+3,
71446069, 1.0864E+3,
71508550, 1.0916E+3,
71571031, 1.0974E+3,
71633513, 1.0991E+3,
71695994, 1.1142E+3,
71758475, 1.1258E+3,
71820956, 1.1268E+3,
71883438, 1.1275E+3,
71945919, 1.1372E+3,
72008400, 1.1457E+3,
72070881, 1.1584E+3,
72133363, 1.1689E+3,
72195844, 1.1686E+3,
72258325, 1.1845E+3,
72320806, 1.1839E+3,
72383288, 1.1916E+3,
72445769, 1.1973E+3,
72508250, 1.2103E+3,
72570731, 1.2181E+3,
72633213, 1.2248E+3,
72695694, 1.2339E+3,
72758175, 1.2397E+3,
72820656, 1.2612E+3,
72883138, 1.2587E+3,
72945619, 1.2778E+3,
73008100, 1.3021E+3,
73070581, 1.2903E+3,
73133063, 1.2989E+3,
73195544, 1.3257E+3,
73258025, 1.3165E+3,
73320506, 1.3343E+3,
73382988, 1.3541E+3,
73445469, 1.3634E+3,
73507950, 1.3775E+3,
73570431, 1.3803E+3,
73632913, 1.3929E+3,
73695394, 1.4043E+3,
73757875, 1.4155E+3,
73820356, 1.4118E+3,
73882838, 1.427E+3,
73945319, 1.4499E+3,
74007800, 1.4444E+3,
74070281, 1.4574E+3,
74132763, 1.4841E+3,
74195244, 1.4763E+3,
74257725, 1.4889E+3,
74320206, 1.5135E+3,
74382688, 1.5193E+3,
74445169, 1.5336E+3,
74507650, 1.5476E+3,
74570131, 1.5771E+3,
74632613, 1.5876E+3,
74695094, 1.5904E+3,
74757575, 1.6368E+3,
74820056, 1.6336E+3,
74882538, 1.6465E+3,
74945019, 1.6869E+3,
75007500, 1.7013E+3,
75069981, 1.712E+3,
75132463, 1.7217E+3,
75194944, 1.7455E+3,
75257425, 1.7528E+3,
75319906, 1.7581E+3,
75382388, 1.7803E+3,
75444869, 1.7945E+3,
75507350, 1.8131E+3,
75569831, 1.8377E+3,
75632313, 1.8382E+3,
75694794, 1.8946E+3,
75757275, 1.9109E+3,
75819756, 1.9209E+3,
75882238, 1.9189E+3,
75944719, 1.9731E+3,
76007200, 1.9712E+3,
76069681, 1.9945E+3,
76132163, 2.0116E+3,
76194644, 2.0331E+3,
76257125, 2.0363E+3,
76319606, 2.0341E+3,
76382088, 2.0379E+3,
76444569, 2.1071E+3,
76507050, 2.1009E+3,
76569531, 2.1364E+3,
76632013, 2.1529E+3,
76694494, 2.1995E+3,
76756975, 2.2358E+3,
76819456, 2.2494E+3,
76881938, 2.2601E+3,
76944419, 2.318E+3,
77006900, 2.3565E+3,
77069381, 2.3683E+3,
77131863, 2.3746E+3,
77194344, 2.4094E+3,
77256825, 2.4535E+3,
77319306, 2.4928E+3,
77381788, 2.5386E+3,
77444269, 2.5569E+3,
77506750, 2.5399E+3,
77569231, 2.6066E+3,
77631713, 2.647E+3,
77694194, 2.7253E+3,
77756675, 2.7006E+3,
77819156, 2.81E+3,
77881638, 2.8578E+3,
77944119, 2.8326E+3,
78006600, 2.8265E+3,
78069081, 3.0168E+3,
78131563, 2.9844E+3,
78194044, 2.9643E+3,
78256525, 3.008E+3,
78319006, 3.1213E+3,
78381488, 3.1741E+3,
78443969, 3.2174E+3,
78506450, 3.2338E+3,
78568931, 3.2871E+3,
78631413, 3.3418E+3,
78693894, 3.3169E+3,
78756375, 3.3659E+3,
78818856, 3.4381E+3,
78881338, 3.5129E+3,
78943819, 3.5125E+3,
79006300, 3.523E+3,
79068781, 3.6521E+3,
79131263, 3.6794E+3,
79193744, 3.7094E+3,
79256225, 3.8193E+3,
79318706, 3.7116E+3,
79381188, 3.7954E+3,
79443669, 3.881E+3,
79506150, 3.8819E+3,
79568631, 3.9548E+3,
79631113, 3.9918E+3,
79693594, 4.057E+3,
79756075, 4.2003E+3,
79818556, 4.1048E+3,
79881038, 4.1638E+3,
79943519, 4.2912E+3,
80006000, 4.3853E+3,
80068481, 4.208E+3,
80130963, 4.2328E+3,
80193444, 4.556E+3,
80255925, 4.353E+3,
80318406, 4.4455E+3,
80380888, 4.5563E+3,
80443369, 4.5648E+3,
80505850, 4.6255E+3,
80568331, 4.5967E+3,
80630813, 4.733E+3,
80693294, 4.7595E+3,
80755775, 5.0687E+3,
80818256, 5.0532E+3,
80880738, 4.7512E+3,
80943219, 5.0445E+3,
81005700, 4.8847E+3,
81068181, 4.855E+3,
81130663, 4.8382E+3,
81193144, 4.9868E+3,
81255625, 5.0342E+3,
81318106, 4.9855E+3,
81380588, 5.0003E+3,
81443069, 5.0888E+3,
81505550, 4.9723E+3,
81568031, 5.016E+3,
81630513, 4.8677E+3,
81692994, 4.8498E+3,
81755475, 4.9662E+3,
81817956, 4.8583E+3,
81880438, 4.718E+3,
81942919, 4.826E+3,
82005400, 4.6265E+3,
82067881, 4.5383E+3,
82130363, 4.4525E+3,
82192844, 4.3773E+3,
82255325, 4.2787E+3,
82317806, 4.2743E+3,
82380288, 4.2805E+3,
82442769, 4.1808E+3,
82505250, 4.1087E+3,
82567731, 4.2048E+3,
82630213, 4.1992E+3,
82692694, 4.0305E+3,
82755175, 4.13E+3,
82817656, 4.0012E+3,
82880138, 3.9328E+3,
82942619, 3.9651E+3,
83005100, 3.7944E+3,
83067581, 3.9149E+3,
83130063, 3.8443E+3,
83192544, 3.7091E+3,
83255025, 3.8009E+3,
83317506, 3.6029E+3,
83379988, 3.5721E+3,
83442469, 3.6409E+3,
83504950, 3.4675E+3,
83567431, 3.5433E+3,
83629913, 3.3375E+3,
83692394, 3.4283E+3,
83754875, 3.3273E+3,
83817356, 3.3024E+3,
83879838, 3.2735E+3,
83942319, 3.2486E+3,
84004800, 3.2651E+3,
84067281, 3.2003E+3,
84129763, 3.1121E+3,
84192244, 3.1813E+3,
84254725, 3.0743E+3,
84317206, 3.0196E+3,
84379688, 2.9828E+3,
84442169, 2.8155E+3,
84504650, 2.9074E+3,
84567131, 2.801E+3,
84629613, 2.7508E+3,
84692094, 2.7993E+3,
84754575, 2.7173E+3,
84817056, 2.659E+3,
84879538, 2.635E+3,
84942019, 2.5899E+3,
85004500, 2.5723E+3,
85066981, 2.581E+3,
85129463, 2.522E+3,
85191944, 2.5484E+3,
85254425, 2.5094E+3,
85316906, 2.4693E+3,
85379388, 2.4505E+3,
85441869, 2.4181E+3,
85504350, 2.3806E+3,
85566831, 2.3626E+3,
85629313, 2.3964E+3,
85691794, 2.325E+3,
85754275, 2.2764E+3,
85816756, 2.2204E+3,
85879238, 2.2294E+3,
85941719, 2.1945E+3,
86004200, 2.1529E+3,
86066681, 2.135E+3,
86129163, 2.1651E+3,
86191644, 2.0893E+3,
86254125, 2.1115E+3,
86316606, 2.0741E+3,
86379088, 2.0684E+3,
86441569, 2.0412E+3,
86504050, 2.0355E+3,
86566531, 2.0024E+3,
86629013, 2.0104E+3,
86691494, 1.9694E+3,
86753975, 1.9381E+3,
86816456, 1.9405E+3,
86878938, 1.8901E+3,
86941419, 1.9123E+3,
87003900, 1.8484E+3,
87066381, 1.8629E+3,
87128863, 1.8172E+3,
87191344, 1.8147E+3,
87253825, 1.8046E+3,
87316306, 1.7676E+3,
87378788, 1.7349E+3,
87441269, 1.76E+3,
87503750, 1.7341E+3,
87566231, 1.7295E+3,
87628713, 1.7141E+3,
87691194, 1.7233E+3,
87753675, 1.6879E+3,
87816156, 1.6895E+3,
87878638, 1.6579E+3,
87941119, 1.6465E+3,
88003600, 1.6568E+3,
88066081, 1.6206E+3,
88128563, 1.612E+3,
88191044, 1.6054E+3,
88253525, 1.5824E+3,
88316006, 1.558E+3,
88378488, 1.5527E+3,
88440969, 1.5488E+3,
88503450, 1.5198E+3,
88565931, 1.5346E+3,
88628413, 1.5175E+3,
88690894, 1.4684E+3,
88753375, 1.4877E+3,
88815856, 1.4493E+3,
88878338, 1.4439E+3,
88940819, 1.4453E+3,
89003300, 1.4333E+3,
89065781, 1.426E+3,
89128263, 1.4283E+3,
89190744, 1.4108E+3,
89253225, 1.3931E+3,
89315706, 1.3894E+3,
89378188, 1.3711E+3,
89440669, 1.3674E+3,
89503150, 1.3662E+3,
89565631, 1.3691E+3,
89628113, 1.3474E+3,
89690594, 1.3478E+3,
89753075, 1.3208E+3,
89815556, 1.3236E+3,
89878038, 1.3083E+3,
89940519, 1.2993E+3,
90003000, 1.2934E+3,
90065481, 1.2783E+3,
90127963, 1.2589E+3,
90190444, 1.2654E+3,
90252925, 1.2423E+3,
90315406, 1.2395E+3,
90377888, 1.2299E+3,
90440369, 1.2316E+3,
90502850, 1.217E+3,
90565331, 1.2116E+3,
90627813, 1.2086E+3,
90690294, 1.2066E+3,
90752775, 1.2113E+3,
90815256, 1.2E+3,
90877738, 1.192E+3,
90940219, 1.1936E+3,
91002700, 1.1695E+3,
91065181, 1.1796E+3,
91127663, 1.1733E+3,
91190144, 1.1582E+3,
91252625, 1.1594E+3,
91315106, 1.1299E+3,
91377588, 1.1378E+3,
91440069, 1.1213E+3,
91502550, 1.1132E+3,
91565031, 1.1242E+3,
91627513, 1.1134E+3,
91689994, 1.1114E+3,
91752475, 1.1071E+3,
91814956, 1.1021E+3,
91877438, 1.0983E+3,
91939919, 1.0958E+3,
92002400, 1.0925E+3,
92064881, 1.0738E+3,
92127363, 1.0869E+3,
92189844, 1.0661E+3,
92252325, 1.0595E+3,
92314806, 1.0552E+3,
92377288, 1.0526E+3,
92439769, 1.0482E+3,
92502250, 1.0327E+3,
92564731, 1.0223E+3,
92627213, 1.0271E+3,
92689694, 1.0206E+3,
92752175, 1.0143E+3,
92814656, 9.9853E+2,
92877138, 1.0095E+3,
92939619, 1.0005E+3,
93002100, 9.9328E+2,
93064581, 9.8984E+2,
93127063, 9.8562E+2,
93189544, 9.7988E+2,
93252025, 9.7066E+2,
93314506, 9.6166E+2,
93376988, 9.5887E+2,
93439469, 9.5584E+2,
93501950, 9.5219E+2,
93564431, 9.495E+2,
93626913, 9.4413E+2,
93689394, 9.4169E+2,
93751875, 9.2888E+2,
93814356, 9.2744E+2,
93876838, 9.3284E+2,
93939319, 9.1928E+2,
94001800, 9.1772E+2,
94064281, 9.1413E+2,
94126763, 9.1216E+2,
94189244, 8.9756E+2,
94251725, 9.0441E+2,
94314206, 8.9797E+2,
94376688, 8.8797E+2,
94439169, 8.8584E+2,
94501650, 8.8384E+2,
94564131, 8.7778E+2,
94626613, 8.7109E+2,
94689094, 8.7312E+2,
94751575, 8.6938E+2,
94814056, 8.6716E+2,
94876538, 8.6062E+2,
94939019, 8.6087E+2,
95001500, 8.5378E+2,
95063981, 8.5269E+2,
95126463, 8.4806E+2,
95188944, 8.4472E+2,
95251425, 8.3888E+2,
95313906, 8.3666E+2,
95376388, 8.3844E+2,
95438869, 8.2197E+2,
95501350, 8.2441E+2,
95563831, 8.255E+2,
95626313, 8.2366E+2,
95688794, 8.2231E+2,
95751275, 8.2084E+2,
95813756, 8.1537E+2,
95876238, 8.0941E+2,
95938719, 8.0294E+2,
96001200, 8.0191E+2,
96063681, 7.9728E+2,
96126163, 7.9903E+2,
96188644, 8.0047E+2,
96251125, 7.8938E+2,
96313606, 7.8294E+2,
96376088, 7.8169E+2,
96438569, 7.7547E+2,
96501050, 7.7603E+2,
96563531, 7.7044E+2,
96626013, 7.6825E+2,
96688494, 7.6356E+2,
96750975, 7.7059E+2,
96813456, 7.6291E+2,
96875938, 7.5872E+2,
96938419, 7.6044E+2,
97000900, 7.5388E+2,
97063381, 7.5675E+2,
97125863, 7.4878E+2,
97188344, 7.4953E+2,
97250825, 7.405E+2,
97313306, 7.3984E+2,
97375788, 7.4072E+2,
97438269, 7.3128E+2,
97500750, 7.3325E+2,
97563231, 7.2784E+2,
97625713, 7.2872E+2,
97688194, 7.2203E+2,
97750675, 7.2128E+2,
97813156, 7.2213E+2,
97875638, 7.1769E+2,
97938119, 7.1087E+2,
98000600, 7.1169E+2,
98063081, 7.1094E+2,
98125563, 7.1E+2,
98188044, 7.0394E+2,
98250525, 7.0169E+2,
98313006, 7.0156E+2,
98375488, 6.9428E+2,
98437969, 6.9463E+2,
98500450, 6.8881E+2,
98562931, 6.9156E+2,
98625413, 6.8428E+2,
98687894, 6.8309E+2,
98750375, 6.8138E+2,
98812856, 6.8003E+2,
98875338, 6.7631E+2,
98937819, 6.77E+2,
99000300, 6.7278E+2,
99062781, 6.7413E+2,
99125263, 6.6947E+2,
99187744, 6.6431E+2,
99250225, 6.6638E+2,
99312706, 6.6138E+2,
99375188, 6.5813E+2,
99437669, 6.5553E+2,
99500150, 6.4978E+2,
99562631, 6.545E+2,
99625113, 6.4972E+2,
99687594, 6.4809E+2,
99750075, 6.4666E+2,
99812556, 6.4216E+2,
99875038, 6.3997E+2,
99937519, 6.3553E+2,
100000000, 6.3375E+2,

