30000, 2.2009E-1,
92481, 5.2667E-1,
154963, 8.7177E-1,
217444, 1.1708E+0,
279925, 1.514E+0,
342406, 1.8452E+0,
404888, 2.1451E+0,
467369, 2.4601E+0,
529850, 2.8232E+0,
592331, 3.1105E+0,
654813, 3.5011E+0,
717294, 3.796E+0,
779775, 4.1213E+0,
842256, 4.4385E+0,
904738, 4.7844E+0,
967219, 5.0984E+0,
1029700, 5.4341E+0,
1092181, 5.7473E+0,
1154663, 6.041E+0,
1217144, 6.3804E+0,
1279625, 6.7192E+0,
1342106, 7.0518E+0,
1404588, 7.3501E+0,
1467069, 7.6843E+0,
1529550, 8.0156E+0,
1592031, 8.332E+0,
1654513, 8.6646E+0,
1716994, 8.9785E+0,
1779475, 9.313E+0,
1841956, 9.6528E+0,
1904438, 9.9585E+0,
1966919, 1.0251E+1,
2029400, 1.0597E+1,
2091881, 1.094E+1,
2154363, 1.1259E+1,
2216844, 1.1607E+1,
2279325, 1.1885E+1,
2341806, 1.2184E+1,
2404288, 1.2565E+1,
2466769, 1.2853E+1,
2529250, 1.3162E+1,
2591731, 1.3502E+1,
2654213, 1.3797E+1,
2716694, 1.4102E+1,
2779175, 1.4419E+1,
2841656, 1.4775E+1,
2904138, 1.5097E+1,
2966619, 1.5407E+1,
3029100, 1.5744E+1,
3091581, 1.6091E+1,
3154063, 1.6374E+1,
3216544, 1.6712E+1,
3279025, 1.6983E+1,
3341506, 1.7353E+1,
3403988, 1.7659E+1,
3466469, 1.7982E+1,
3528950, 1.8311E+1,
3591431, 1.8646E+1,
3653913, 1.8945E+1,
3716394, 1.9266E+1,
3778875, 1.9607E+1,
3841356, 1.989E+1,
3903838, 2.0204E+1,
3966319, 2.0524E+1,
4028800, 2.085E+1,
4091281, 2.1191E+1,
4153763, 2.1481E+1,
4216244, 2.1817E+1,
4278725, 2.2125E+1,
4341206, 2.2449E+1,
4403688, 2.276E+1,
4466169, 2.3111E+1,
4528650, 2.3346E+1,
4591131, 2.3685E+1,
4653613, 2.4039E+1,
4716094, 2.4359E+1,
4778575, 2.4671E+1,
4841056, 2.4984E+1,
4903538, 2.5312E+1,
4966019, 2.5659E+1,
5028500, 2.5955E+1,
5090981, 2.6205E+1,
5153463, 2.6584E+1,
5215944, 2.6901E+1,
5278425, 2.7243E+1,
5340906, 2.7545E+1,
5403388, 2.7848E+1,
5465869, 2.8162E+1,
5528350, 2.8504E+1,
5590831, 2.8866E+1,
5653313, 2.9166E+1,
5715794, 2.9511E+1,
5778275, 2.9776E+1,
5840756, 3.0108E+1,
5903238, 3.042E+1,
5965719, 3.0753E+1,
6028200, 3.1134E+1,
6090681, 3.1369E+1,
6153163, 3.1695E+1,
6215644, 3.2059E+1,
6278125, 3.2383E+1,
6340606, 3.2514E+1,
6403088, 3.3053E+1,
6465569, 3.335E+1,
6528050, 3.3664E+1,
6590531, 3.3939E+1,
6653013, 3.4225E+1,
6715494, 3.4658E+1,
6777975, 3.4908E+1,
6840456, 3.5201E+1,
6902938, 3.5508E+1,
6965419, 3.5855E+1,
7027900, 3.6178E+1,
7090381, 3.6512E+1,
7152863, 3.6828E+1,
7215344, 3.7137E+1,
7277825, 3.7494E+1,
7340306, 3.7809E+1,
7402788, 3.8064E+1,
7465269, 3.8422E+1,
7527750, 3.8822E+1,
7590231, 3.908E+1,
7652713, 3.9381E+1,
7715194, 3.9682E+1,
7777675, 4.007E+1,
7840156, 4.0348E+1,
7902638, 4.0707E+1,
7965119, 4.0955E+1,
8027600, 4.1348E+1,
8090081, 4.1646E+1,
8152563, 4.1965E+1,
8215044, 4.2285E+1,
8277525, 4.2588E+1,
8340006, 4.293E+1,
8402488, 4.3279E+1,
8464969, 4.3613E+1,
8527450, 4.3906E+1,
8589931, 4.4205E+1,
8652413, 4.4479E+1,
8714894, 4.4873E+1,
8777375, 4.5209E+1,
8839856, 4.5504E+1,
8902338, 4.5822E+1,
8964819, 4.6148E+1,
9027300, 4.6529E+1,
9089781, 4.6814E+1,
9152263, 4.7092E+1,
9214744, 4.751E+1,
9277225, 4.775E+1,
9339706, 4.8084E+1,
9402188, 4.849E+1,
9464669, 4.873E+1,
9527150, 4.9098E+1,
9589631, 4.9375E+1,
9652113, 4.9734E+1,
9714594, 5.0012E+1,
9777075, 5.0428E+1,
9839556, 5.0668E+1,
9902038, 5.1064E+1,
9964519, 5.1395E+1,
10027000, 5.1643E+1,
10089481, 5.2018E+1,
10151963, 5.2311E+1,
10214444, 5.2664E+1,
10276925, 5.3E+1,
10339406, 5.3303E+1,
10401888, 5.3582E+1,
10464369, 5.4004E+1,
10526850, 5.4314E+1,
10589331, 5.4682E+1,
10651813, 5.4926E+1,
10714294, 5.5279E+1,
10776775, 5.5652E+1,
10839256, 5.5945E+1,
10901738, 5.6305E+1,
10964219, 5.6549E+1,
11026700, 5.6922E+1,
11089181, 5.7209E+1,
11151663, 5.7574E+1,
11214144, 5.7936E+1,
11276625, 5.8166E+1,
11339106, 5.8582E+1,
11401588, 5.8936E+1,
11464069, 5.9246E+1,
11526550, 5.9504E+1,
11589031, 5.9826E+1,
11651513, 6.0217E+1,
11713994, 6.0633E+1,
11776475, 6.0865E+1,
11838956, 6.1236E+1,
11901438, 6.1633E+1,
11963919, 6.192E+1,
12026400, 6.2299E+1,
12088881, 6.2506E+1,
12151363, 6.2762E+1,
12213844, 6.3189E+1,
12276325, 6.352E+1,
12338806, 6.391E+1,
12401288, 6.4223E+1,
12463769, 6.4562E+1,
12526250, 6.4922E+1,
12588731, 6.5129E+1,
12651213, 6.5527E+1,
12713694, 6.5883E+1,
12776175, 6.6191E+1,
12838656, 6.6625E+1,
12901138, 6.682E+1,
12963619, 6.732E+1,
13026100, 6.7457E+1,
13088581, 6.7891E+1,
13151063, 6.827E+1,
13213544, 6.8523E+1,
13276025, 6.8922E+1,
13338506, 6.925E+1,
13400988, 6.9617E+1,
13463469, 6.9879E+1,
13525950, 7.0234E+1,
13588431, 7.0559E+1,
13650913, 7.0898E+1,
13713394, 7.1324E+1,
13775875, 7.1539E+1,
13838356, 7.2027E+1,
13900838, 7.2375E+1,
13963319, 7.2609E+1,
14025800, 7.2984E+1,
14088281, 7.334E+1,
14150763, 7.3566E+1,
14213244, 7.4016E+1,
14275725, 7.4285E+1,
14338206, 7.473E+1,
14400688, 7.5043E+1,
14463169, 7.5391E+1,
14525650, 7.5707E+1,
14588131, 7.602E+1,
14650613, 7.6402E+1,
14713094, 7.675E+1,
14775575, 7.7062E+1,
14838056, 7.7387E+1,
14900538, 7.7687E+1,
14963019, 7.7996E+1,
15025500, 7.8469E+1,
15087981, 7.8875E+1,
15150463, 7.909E+1,
15212944, 7.9625E+1,
15275425, 7.9836E+1,
15337906, 8.0168E+1,
15400388, 8.0512E+1,
15462869, 8.0895E+1,
15525350, 8.1437E+1,
15587831, 8.1598E+1,
15650313, 8.1922E+1,
15712794, 8.2215E+1,
15775275, 8.2629E+1,
15837756, 8.2922E+1,
15900238, 8.3336E+1,
15962719, 8.3715E+1,
16025200, 8.3984E+1,
16087681, 8.434E+1,
16150163, 8.457E+1,
16212644, 8.4996E+1,
16275125, 8.5363E+1,
16337606, 8.5695E+1,
16400088, 8.6086E+1,
16462569, 8.6449E+1,
16525050, 8.684E+1,
16587531, 8.7172E+1,
16650013, 8.7488E+1,
16712494, 8.7805E+1,
16774975, 8.8281E+1,
16837456, 8.8539E+1,
16899938, 8.8918E+1,
16962419, 8.9332E+1,
17024900, 8.9562E+1,
17087381, 8.9895E+1,
17149863, 9.043E+1,
17212344, 9.0785E+1,
17274825, 9.1051E+1,
17337306, 9.132E+1,
17399788, 9.1762E+1,
17462269, 9.2113E+1,
17524750, 9.2504E+1,
17587231, 9.2848E+1,
17649713, 9.3215E+1,
17712194, 9.348E+1,
17774675, 9.3945E+1,
17837156, 9.4227E+1,
17899638, 9.4703E+1,
17962119, 9.4898E+1,
18024600, 9.5375E+1,
18087081, 9.5789E+1,
18149563, 9.5996E+1,
18212044, 9.634E+1,
18274525, 9.6813E+1,
18337006, 9.7121E+1,
18399488, 9.7512E+1,
18461969, 9.7914E+1,
18524450, 9.823E+1,
18586931, 9.8645E+1,
18649413, 9.9E+1,
18711894, 9.9293E+1,
18774375, 9.973E+1,
18836856, 1.0016E+2,
18899338, 1.0051E+2,
18961819, 1.0072E+2,
19024300, 1.0122E+2,
19086781, 1.0156E+2,
19149263, 1.0194E+2,
19211744, 1.0228E+2,
19274225, 1.0275E+2,
19336706, 1.0299E+2,
19399188, 1.0355E+2,
19461669, 1.0376E+2,
19524150, 1.0425E+2,
19586631, 1.0463E+2,
19649113, 1.0481E+2,
19711594, 1.0516E+2,
19774075, 1.057E+2,
19836556, 1.0613E+2,
19899038, 1.0641E+2,
19961519, 1.0686E+2,
20024000, 1.0731E+2,
20086481, 1.0763E+2,
20148963, 1.08E+2,
20211444, 1.083E+2,
20273925, 1.087E+2,
20336406, 1.0914E+2,
20398888, 1.0945E+2,
20461369, 1.0977E+2,
20523850, 1.1018E+2,
20586331, 1.1047E+2,
20648813, 1.1099E+2,
20711294, 1.1138E+2,
20773775, 1.1172E+2,
20836256, 1.1212E+2,
20898738, 1.1246E+2,
20961219, 1.1291E+2,
21023700, 1.1326E+2,
21086181, 1.1375E+2,
21148663, 1.1394E+2,
21211144, 1.1437E+2,
21273625, 1.1473E+2,
21336106, 1.1519E+2,
21398588, 1.1558E+2,
21461069, 1.1603E+2,
21523550, 1.1622E+2,
21586031, 1.1658E+2,
21648513, 1.1718E+2,
21710994, 1.1755E+2,
21773475, 1.1795E+2,
21835956, 1.1825E+2,
21898438, 1.1866E+2,
21960919, 1.193E+2,
22023400, 1.1937E+2,
22085881, 1.1993E+2,
22148363, 1.2014E+2,
22210844, 1.2077E+2,
22273325, 1.2107E+2,
22335806, 1.2127E+2,
22398288, 1.2184E+2,
22460769, 1.2221E+2,
22523250, 1.2261E+2,
22585731, 1.2309E+2,
22648213, 1.2356E+2,
22710694, 1.2385E+2,
22773175, 1.2433E+2,
22835656, 1.2472E+2,
22898138, 1.2512E+2,
22960619, 1.2552E+2,
23023100, 1.2587E+2,
23085581, 1.2637E+2,
23148063, 1.2665E+2,
23210544, 1.2721E+2,
23273025, 1.2757E+2,
23335506, 1.2806E+2,
23397988, 1.2837E+2,
23460469, 1.2877E+2,
23522950, 1.2906E+2,
23585431, 1.2951E+2,
23647913, 1.2995E+2,
23710394, 1.3032E+2,
23772875, 1.308E+2,
23835356, 1.3107E+2,
23897838, 1.3169E+2,
23960319, 1.3197E+2,
24022800, 1.3244E+2,
24085281, 1.3299E+2,
24147763, 1.3331E+2,
24210244, 1.3366E+2,
24272725, 1.3413E+2,
24335206, 1.3459E+2,
24397688, 1.35E+2,
24460169, 1.3524E+2,
24522650, 1.359E+2,
24585131, 1.3638E+2,
24647613, 1.3667E+2,
24710094, 1.369E+2,
24772575, 1.3752E+2,
24835056, 1.377E+2,
24897538, 1.382E+2,
24960019, 1.3882E+2,
25022500, 1.3882E+2,
25084981, 1.3959E+2,
25147463, 1.4011E+2,
25209944, 1.4056E+2,
25272425, 1.4093E+2,
25334906, 1.4138E+2,
25397388, 1.4169E+2,
25459869, 1.419E+2,
25522350, 1.4232E+2,
25584831, 1.4305E+2,
25647313, 1.436E+2,
25709794, 1.4382E+2,
25772275, 1.4414E+2,
25834756, 1.4473E+2,
25897238, 1.4495E+2,
25959719, 1.458E+2,
26022200, 1.4605E+2,
26084681, 1.4655E+2,
26147163, 1.4652E+2,
26209644, 1.4729E+2,
26272125, 1.4781E+2,
26334606, 1.4848E+2,
26397088, 1.4857E+2,
26459569, 1.4904E+2,
26522050, 1.4952E+2,
26584531, 1.5002E+2,
26647013, 1.5046E+2,
26709494, 1.5113E+2,
26771975, 1.5124E+2,
26834456, 1.5144E+2,
26896938, 1.521E+2,
26959419, 1.5267E+2,
27021900, 1.5298E+2,
27084381, 1.5348E+2,
27146863, 1.5432E+2,
27209344, 1.5447E+2,
27271825, 1.5495E+2,
27334306, 1.5555E+2,
27396788, 1.5564E+2,
27459269, 1.5632E+2,
27521750, 1.5685E+2,
27584231, 1.5742E+2,
27646713, 1.5766E+2,
27709194, 1.5822E+2,
27771675, 1.5866E+2,
27834156, 1.5914E+2,
27896638, 1.5936E+2,
27959119, 1.602E+2,
28021600, 1.6057E+2,
28084081, 1.612E+2,
28146563, 1.612E+2,
28209044, 1.6185E+2,
28271525, 1.6221E+2,
28334006, 1.626E+2,
28396488, 1.6313E+2,
28458969, 1.6338E+2,
28521450, 1.6434E+2,
28583931, 1.6458E+2,
28646413, 1.6477E+2,
28708894, 1.6548E+2,
28771375, 1.658E+2,
28833856, 1.6637E+2,
28896338, 1.6703E+2,
28958819, 1.6758E+2,
29021300, 1.6795E+2,
29083781, 1.6846E+2,
29146263, 1.6914E+2,
29208744, 1.6968E+2,
29271225, 1.6977E+2,
29333706, 1.7022E+2,
29396188, 1.7094E+2,
29458669, 1.7118E+2,
29521150, 1.7178E+2,
29583631, 1.7229E+2,
29646113, 1.7285E+2,
29708594, 1.7351E+2,
29771075, 1.7354E+2,
29833556, 1.7404E+2,
29896038, 1.7491E+2,
29958519, 1.7502E+2,
30021000, 1.7576E+2,
30083481, 1.7628E+2,
30145963, 1.7672E+2,
30208444, 1.7722E+2,
30270925, 1.7771E+2,
30333406, 1.781E+2,
30395888, 1.7882E+2,
30458369, 1.7888E+2,
30520850, 1.7912E+2,
30583331, 1.8016E+2,
30645813, 1.8058E+2,
30708294, 1.8104E+2,
30770775, 1.8177E+2,
30833256, 1.8224E+2,
30895738, 1.8269E+2,
30958219, 1.8308E+2,
31020700, 1.8342E+2,
31083181, 1.8423E+2,
31145663, 1.8459E+2,
31208144, 1.8516E+2,
31270625, 1.8594E+2,
31333106, 1.8616E+2,
31395588, 1.8659E+2,
31458069, 1.8728E+2,
31520550, 1.8794E+2,
31583031, 1.8887E+2,
31645513, 1.8911E+2,
31707994, 1.8923E+2,
31770475, 1.8997E+2,
31832956, 1.9034E+2,
31895438, 1.9104E+2,
31957919, 1.9141E+2,
32020400, 1.9243E+2,
32082881, 1.9243E+2,
32145363, 1.9327E+2,
32207844, 1.9363E+2,
32270325, 1.9458E+2,
32332806, 1.946E+2,
32395288, 1.9502E+2,
32457769, 1.9575E+2,
32520250, 1.9644E+2,
32582731, 1.9692E+2,
32645213, 1.9709E+2,
32707694, 1.9763E+2,
32770175, 1.9837E+2,
32832656, 1.9924E+2,
32895138, 1.9956E+2,
32957619, 1.9976E+2,
33020100, 2.01E+2,
33082581, 2.0093E+2,
33145063, 2.0163E+2,
33207544, 2.022E+2,
33270025, 2.03E+2,
33332506, 2.0342E+2,
33394988, 2.0388E+2,
33457469, 2.0449E+2,
33519950, 2.0513E+2,
33582431, 2.0588E+2,
33644913, 2.0577E+2,
33707394, 2.0694E+2,
33769875, 2.0723E+2,
33832356, 2.0805E+2,
33894838, 2.085E+2,
33957319, 2.0886E+2,
34019800, 2.0955E+2,
34082281, 2.1018E+2,
34144763, 2.1096E+2,
34207244, 2.1113E+2,
34269725, 2.1202E+2,
34332206, 2.1265E+2,
34394688, 2.137E+2,
34457169, 2.1304E+2,
34519650, 2.1406E+2,
34582131, 2.1472E+2,
34644613, 2.1582E+2,
34707094, 2.1609E+2,
34769575, 2.1621E+2,
34832056, 2.1731E+2,
34894538, 2.1784E+2,
34957019, 2.1843E+2,
35019500, 2.1916E+2,
35081981, 2.1946E+2,
35144463, 2.2029E+2,
35206944, 2.2088E+2,
35269425, 2.2144E+2,
35331906, 2.2202E+2,
35394388, 2.2192E+2,
35456869, 2.2315E+2,
35519350, 2.2383E+2,
35581831, 2.2461E+2,
35644313, 2.2446E+2,
35706794, 2.2559E+2,
35769275, 2.2588E+2,
35831756, 2.2641E+2,
35894238, 2.2766E+2,
35956719, 2.2798E+2,
36019200, 2.2813E+2,
36081681, 2.2913E+2,
36144163, 2.2995E+2,
36206644, 2.3062E+2,
36269125, 2.3132E+2,
36331606, 2.3196E+2,
36394088, 2.3223E+2,
36456569, 2.3264E+2,
36519050, 2.334E+2,
36581531, 2.343E+2,
36644013, 2.3618E+2,
36706494, 2.352E+2,
36768975, 2.3579E+2,
36831456, 2.3698E+2,
36893938, 2.3738E+2,
36956419, 2.3784E+2,
37018900, 2.3906E+2,
37081381, 2.3933E+2,
37143863, 2.3989E+2,
37206344, 2.4067E+2,
37268825, 2.4065E+2,
37331306, 2.4184E+2,
37393788, 2.4232E+2,
37456269, 2.4304E+2,
37518750, 2.4402E+2,
37581231, 2.4431E+2,
37643713, 2.4527E+2,
37706194, 2.4557E+2,
37768675, 2.4655E+2,
37831156, 2.4668E+2,
37893638, 2.4798E+2,
37956119, 2.4841E+2,
38018600, 2.4977E+2,
38081081, 2.4979E+2,
38143563, 2.5034E+2,
38206044, 2.5176E+2,
38268525, 2.5186E+2,
38331006, 2.5227E+2,
38393488, 2.5297E+2,
38455969, 2.537E+2,
38518450, 2.5493E+2,
38580931, 2.5559E+2,
38643413, 2.5625E+2,
38705894, 2.5684E+2,
38768375, 2.5694E+2,
38830856, 2.5791E+2,
38893338, 2.5967E+2,
38955819, 2.5953E+2,
39018300, 2.6016E+2,
39080781, 2.6089E+2,
39143263, 2.6167E+2,
39205744, 2.6236E+2,
39268225, 2.6277E+2,
39330706, 2.6319E+2,
39393188, 2.6481E+2,
39455669, 2.6472E+2,
39518150, 2.6575E+2,
39580631, 2.6658E+2,
39643113, 2.6683E+2,
39705594, 2.68E+2,
39768075, 2.6797E+2,
39830556, 2.6867E+2,
39893038, 2.7056E+2,
39955519, 2.7013E+2,
40018000, 2.7141E+2,
40080481, 2.7184E+2,
40142963, 2.73E+2,
40205444, 2.752E+2,
40267925, 2.7427E+2,
40330406, 2.7513E+2,
40392888, 2.7564E+2,
40455369, 2.7625E+2,
40517850, 2.7713E+2,
40580331, 2.7816E+2,
40642813, 2.7925E+2,
40705294, 2.7961E+2,
40767775, 2.7952E+2,
40830256, 2.8116E+2,
40892738, 2.8161E+2,
40955219, 2.8256E+2,
41017700, 2.8242E+2,
41080181, 2.8377E+2,
41142663, 2.8486E+2,
41205144, 2.8591E+2,
41267625, 2.8636E+2,
41330106, 2.8767E+2,
41392588, 2.8792E+2,
41455069, 2.8909E+2,
41517550, 2.8938E+2,
41580031, 2.9044E+2,
41642513, 2.9106E+2,
41704994, 2.9128E+2,
41767475, 2.9244E+2,
41829956, 2.9389E+2,
41892438, 2.9395E+2,
41954919, 2.9492E+2,
42017400, 2.957E+2,
42079881, 2.9666E+2,
42142363, 2.9666E+2,
42204844, 2.9886E+2,
42267325, 2.9942E+2,
42329806, 2.9975E+2,
42392288, 3.0059E+2,
42454769, 3.0256E+2,
42517250, 3.0305E+2,
42579731, 3.0334E+2,
42642213, 3.0438E+2,
42704694, 3.052E+2,
42767175, 3.0495E+2,
42829656, 3.0634E+2,
42892138, 3.0772E+2,
42954619, 3.0823E+2,
43017100, 3.0872E+2,
43079581, 3.1045E+2,
43142063, 3.1123E+2,
43204544, 3.1125E+2,
43267025, 3.1292E+2,
43329506, 3.127E+2,
43391988, 3.1345E+2,
43454469, 3.1467E+2,
43516950, 3.155E+2,
43579431, 3.1694E+2,
43641913, 3.1684E+2,
43704394, 3.1775E+2,
43766875, 3.1863E+2,
43829356, 3.198E+2,
43891838, 3.2117E+2,
43954319, 3.2213E+2,
44016800, 3.2239E+2,
44079281, 3.2336E+2,
44141763, 3.2383E+2,
44204244, 3.2527E+2,
44266725, 3.2598E+2,
44329206, 3.2722E+2,
44391688, 3.2744E+2,
44454169, 3.2922E+2,
44516650, 3.29E+2,
44579131, 3.3091E+2,
44641613, 3.3273E+2,
44704094, 3.3308E+2,
44766575, 3.3433E+2,
44829056, 3.3433E+2,
44891538, 3.3545E+2,
44954019, 3.3659E+2,
45016500, 3.3686E+2,
45078981, 3.378E+2,
45141463, 3.3975E+2,
45203944, 3.4127E+2,
45266425, 3.4127E+2,
45328906, 3.4175E+2,
45391388, 3.4378E+2,
45453869, 3.4353E+2,
45516350, 3.4609E+2,
45578831, 3.4592E+2,
45641313, 3.4744E+2,
45703794, 3.4778E+2,
45766275, 3.4975E+2,
45828756, 3.5066E+2,
45891238, 3.513E+2,
45953719, 3.5247E+2,
46016200, 3.5444E+2,
46078681, 3.543E+2,
46141163, 3.5628E+2,
46203644, 3.5723E+2,
46266125, 3.5894E+2,
46328606, 3.5958E+2,
46391088, 3.6103E+2,
46453569, 3.6219E+2,
46516050, 3.642E+2,
46578531, 3.6602E+2,
46641013, 3.6616E+2,
46703494, 3.6797E+2,
46765975, 3.6973E+2,
46828456, 3.7045E+2,
46890938, 3.7227E+2,
46953419, 3.7227E+2,
47015900, 3.73E+2,
47078381, 3.7608E+2,
47140863, 3.7608E+2,
47203344, 3.7725E+2,
47265825, 3.7773E+2,
47328306, 3.7827E+2,
47390788, 3.7905E+2,
47453269, 3.8022E+2,
47515750, 3.8106E+2,
47578231, 3.8272E+2,
47640713, 3.8238E+2,
47703194, 3.8178E+2,
47765675, 3.8272E+2,
47828156, 3.8653E+2,
47890638, 3.8633E+2,
47953119, 3.8638E+2,
48015600, 3.8877E+2,
48078081, 3.8741E+2,
48140563, 3.8823E+2,
48203044, 3.9063E+2,
48265525, 3.9233E+2,
48328006, 3.9209E+2,
48390488, 3.9223E+2,
48452969, 3.9272E+2,
48515450, 3.9375E+2,
48577931, 3.9623E+2,
48640413, 3.9678E+2,
48702894, 3.9708E+2,
48765375, 3.98E+2,
48827856, 3.9903E+2,
48890338, 4.0059E+2,
48952819, 4.022E+2,
49015300, 4.0225E+2,
49077781, 4.0225E+2,
49140263, 4.063E+2,
49202744, 4.06E+2,
49265225, 4.0655E+2,
49327706, 4.0552E+2,
49390188, 4.0825E+2,
49452669, 4.0795E+2,
49515150, 4.1172E+2,
49577631, 4.1231E+2,
49640113, 4.1259E+2,
49702594, 4.1303E+2,
49765075, 4.1509E+2,
49827556, 4.1533E+2,
49890038, 4.1772E+2,
49952519, 4.1944E+2,
50015000, 4.2091E+2,
50077481, 4.2158E+2,
50139963, 4.228E+2,
50202444, 4.2422E+2,
50264925, 4.2373E+2,
50327406, 4.2442E+2,
50389888, 4.2656E+2,
50452369, 4.2798E+2,
50514850, 4.2734E+2,
50577331, 4.3111E+2,
50639813, 4.3223E+2,
50702294, 4.3134E+2,
50764775, 4.3295E+2,
50827256, 4.3302E+2,
50889738, 4.3608E+2,
50952219, 4.3731E+2,
51014700, 4.3677E+2,
51077181, 4.3667E+2,
51139663, 4.3853E+2,
51202144, 4.4194E+2,
51264625, 4.4414E+2,
51327106, 4.4331E+2,
51389588, 4.4233E+2,
51452069, 4.4678E+2,
51514550, 4.4639E+2,
51577031, 4.4991E+2,
51639513, 4.4897E+2,
51701994, 4.4991E+2,
51764475, 4.5317E+2,
51826956, 4.5503E+2,
51889438, 4.5533E+2,
51951919, 4.5513E+2,
52014400, 4.5528E+2,
52076881, 4.5747E+2,
52139363, 4.6064E+2,
52201844, 4.6025E+2,
52264325, 4.5997E+2,
52326806, 4.6153E+2,
52389288, 4.6466E+2,
52451769, 4.6588E+2,
52514250, 4.67E+2,
52576731, 4.6748E+2,
52639213, 4.6797E+2,
52701694, 4.7075E+2,
52764175, 4.7088E+2,
52826656, 4.7603E+2,
52889138, 4.7302E+2,
52951619, 4.7302E+2,
53014100, 4.7505E+2,
53076581, 4.7461E+2,
53139063, 4.7856E+2,
53201544, 4.7791E+2,
53264025, 4.783E+2,
53326506, 4.8203E+2,
53388988, 4.812E+2,
53451469, 4.8238E+2,
53513950, 4.8608E+2,
53576431, 4.8658E+2,
53638913, 4.8736E+2,
53701394, 4.8906E+2,
53763875, 4.878E+2,
53826356, 4.9048E+2,
53888838, 4.9127E+2,
53951319, 4.9244E+2,
54013800, 4.9614E+2,
54076281, 4.978E+2,
54138763, 4.997E+2,
54201244, 5.0005E+2,
54263725, 5.0069E+2,
54326206, 5.0005E+2,
54388688, 5.0273E+2,
54451169, 5.0547E+2,
54513650, 5.0366E+2,
54576131, 5.0806E+2,
54638613, 5.0972E+2,
54701094, 5.1036E+2,
54763575, 5.0869E+2,
54826056, 5.1103E+2,
54888538, 5.1544E+2,
54951019, 5.1322E+2,
55013500, 5.1937E+2,
55075981, 5.1656E+2,
55138463, 5.1753E+2,
55200944, 5.1947E+2,
55263425, 5.2144E+2,
55325906, 5.2091E+2,
55388388, 5.245E+2,
55450869, 5.1866E+2,
55513350, 5.2534E+2,
55575831, 5.2494E+2,
55638313, 5.2588E+2,
55700794, 5.2884E+2,
55763275, 5.2847E+2,
55825756, 5.3106E+2,
55888238, 5.3141E+2,
55950719, 5.3428E+2,
56013200, 5.3244E+2,
56075681, 5.3578E+2,
56138163, 5.3187E+2,
56200644, 5.3603E+2,
56263125, 5.3847E+2,
56325606, 5.3847E+2,
56388088, 5.3991E+2,
56450569, 5.37E+2,
56513050, 5.4044E+2,
56575531, 5.4078E+2,
56638013, 5.4863E+2,
56700494, 5.4688E+2,
56762975, 5.4638E+2,
56825456, 5.52E+2,
56887938, 5.4716E+2,
56950419, 5.5059E+2,
57012900, 5.4931E+2,
57075381, 5.5225E+2,
57137863, 5.4928E+2,
57200344, 5.5747E+2,
57262825, 5.52E+2,
57325306, 5.5531E+2,
57387788, 5.5678E+2,
57450269, 5.5497E+2,
57512750, 5.5738E+2,
57575231, 5.6231E+2,
57637713, 5.6034E+2,
57700194, 5.6156E+2,
57762675, 5.6709E+2,
57825156, 5.6806E+2,
57887638, 5.6769E+2,
57950119, 5.6734E+2,
58012600, 5.7006E+2,
58075081, 5.6928E+2,
58137563, 5.7013E+2,
58200044, 5.6713E+2,
58262525, 5.7238E+2,
58325006, 5.7413E+2,
58387488, 5.7438E+2,
58449969, 5.6778E+2,
58512450, 5.7241E+2,
58574931, 5.7103E+2,
58637413, 5.7988E+2,
58699894, 5.7875E+2,
58762375, 5.7162E+2,
58824856, 5.8578E+2,
58887338, 5.7916E+2,
58949819, 5.7463E+2,
59012300, 5.84E+2,
59074781, 5.8253E+2,
59137263, 5.8647E+2,
59199744, 5.8334E+2,
59262225, 5.8566E+2,
59324706, 5.9347E+2,
59387188, 5.8344E+2,
59449669, 5.8341E+2,
59512150, 5.8525E+2,
59574631, 5.8594E+2,
59637113, 5.9003E+2,
59699594, 5.9191E+2,
59762075, 5.8544E+2,
59824556, 5.9375E+2,
59887038, 6.0147E+2,
59949519, 5.8803E+2,
60012000, 5.9141E+2,
60074481, 5.8634E+2,
60136963, 5.8341E+2,
60199444, 5.9488E+2,
60261925, 5.9263E+2,
60324406, 5.8891E+2,
60386888, 5.9784E+2,
60449369, 5.9713E+2,
60511850, 5.9459E+2,
60574331, 6.0009E+2,
60636813, 5.9322E+2,
60699294, 5.9263E+2,
60761775, 5.9706E+2,
60824256, 5.9375E+2,
60886738, 5.9453E+2,
60949219, 5.9566E+2,
61011700, 5.9063E+2,
61074181, 6.0084E+2,
61136663, 5.9281E+2,
61199144, 5.8966E+2,
61261625, 5.8756E+2,
61324106, 5.9688E+2,
61386588, 5.9488E+2,
61449069, 5.9356E+2,
61511550, 5.88E+2,
61574031, 5.9359E+2,
61636513, 5.9253E+2,
61698994, 5.8856E+2,
61761475, 5.8231E+2,
61823956, 5.8906E+2,
61886438, 5.8878E+2,
61948919, 5.8613E+2,
62011400, 5.87E+2,
62073881, 5.8472E+2,
62136363, 5.8766E+2,
62198844, 5.8975E+2,
62261325, 5.8844E+2,
62323806, 5.8263E+2,
62386288, 5.8756E+2,
62448769, 5.7594E+2,
62511250, 5.7728E+2,
62573731, 5.81E+2,
62636213, 5.7797E+2,
62698694, 5.7081E+2,
62761175, 5.7519E+2,
62823656, 5.7584E+2,
62886138, 5.7172E+2,
62948619, 5.79E+2,
63011100, 5.6469E+2,
63073581, 5.7066E+2,
63136063, 5.6494E+2,
63198544, 5.6388E+2,
63261025, 5.5809E+2,
63323506, 5.7319E+2,
63385988, 5.5703E+2,
63448469, 5.5538E+2,
63510950, 5.5869E+2,
63573431, 5.4366E+2,
63635913, 5.5641E+2,
63698394, 5.58E+2,
63760875, 5.4494E+2,
63823356, 5.4028E+2,
63885838, 5.4463E+2,
63948319, 5.3869E+2,
64010800, 5.3766E+2,
64073281, 5.2794E+2,
64135763, 5.3288E+2,
64198244, 5.3609E+2,
64260725, 5.2416E+2,
64323206, 5.3091E+2,
64385688, 5.2672E+2,
64448169, 5.1356E+2,
64510650, 5.1944E+2,
64573131, 5.1909E+2,
64635613, 5.0713E+2,
64698094, 5.0484E+2,
64760575, 4.9794E+2,
64823056, 5.0072E+2,
64885538, 5.0566E+2,
64948019, 4.9991E+2,
65010500, 4.9053E+2,
65072981, 4.7841E+2,
65135463, 4.8681E+2,
65197944, 4.7953E+2,
65260425, 4.7631E+2,
65322906, 4.6388E+2,
65385388, 4.6456E+2,
65447869, 4.5728E+2,
65510350, 4.5019E+2,
65572831, 4.5434E+2,
65635313, 4.5084E+2,
65697794, 4.4331E+2,
65760275, 4.3613E+2,
65822756, 4.435E+2,
65885238, 4.4E+2,
65947719, 4.2059E+2,
66010200, 4.185E+2,
66072681, 4.155E+2,
66135163, 4.155E+2,
66197644, 3.9875E+2,
66260125, 4.025E+2,
66322606, 3.89E+2,
66385088, 3.8956E+2,
66447569, 3.8469E+2,
66510050, 3.7431E+2,
66572531, 3.7875E+2,
66635013, 3.68E+2,
66697494, 3.6438E+2,
66759975, 3.535E+2,
66822456, 3.5556E+2,
66884938, 3.4413E+2,
66947419, 3.2369E+2,
67009900, 3.3781E+2,
67072381, 3.3131E+2,
67134863, 3.1688E+2,
67197344, 3.1156E+2,
67259825, 3.1081E+2,
67322306, 2.9506E+2,
67384788, 2.9719E+2,
67447269, 2.9175E+2,
67509750, 2.805E+2,
67572231, 2.825E+2,
67634713, 2.6919E+2,
67697194, 2.6294E+2,
67759675, 2.5188E+2,
67822156, 2.4181E+2,
67884638, 2.4475E+2,
67947119, 2.2206E+2,
68009600, 2.2425E+2,
68072081, 2.2656E+2,
68134563, 2.0725E+2,
68197044, 2.2675E+2,
68259525, 2.075E+2,
68322006, 2.0331E+2,
68384488, 1.7406E+2,
68446969, 1.7175E+2,
68509450, 1.7244E+2,
68571931, 1.6125E+2,
68634413, 1.7263E+2,
68696894, 1.5494E+2,
68759375, 1.3063E+2,
68821856, 1.3969E+2,
68884338, 1.2375E+2,
68946819, 1.2031E+2,
69009300, 1.1613E+2,
69071781, 1.0713E+2,
69134263, 1.0256E+2,
69196744, 0.87E+2,
69259225, 0.8463E+2,
69321706, 0.6188E+2,
69384188, 0.6975E+2,
69446669, 0.4863E+2,
69509150, 0.5388E+2,
69571631, 0.4144E+2,
69634113, 0.2956E+2,
69696594, 0.2725E+2,
69759075, 0.2356E+2,
69821556, 0.0556E+2,
69884038, 0.0744E+2,
69946519, 0.0369E+2,
70009000,-1.2188E+1,
70071481,-1.2E+1,
70133963,-1.3125E+1,
70196444,-4.0062E+1,
70258925,-4.5875E+1,
70321406,-3.8063E+1,
70383888,-5.9562E+1,
70446369,-5.9188E+1,
70508850,-5.225E+1,
70571331,-8.25E+1,
70633813,-7.775E+1,
70696294,-9.7625E+1,
70758775,-9.3625E+1,
70821256,-1.1506E+2,
70883738,-1.2138E+2,
70946219,-1.2013E+2,
71008700,-1.2575E+2,
71071181,-1.3894E+2,
71133663,-1.335E+2,
71196144,-1.5406E+2,
71258625,-1.6231E+2,
71321106,-1.6969E+2,
71383588,-1.6569E+2,
71446069,-1.7006E+2,
71508550,-1.7881E+2,
71571031,-2.0206E+2,
71633513,-2.0213E+2,
71695994,-2.1631E+2,
71758475,-2.1663E+2,
71820956,-2.1769E+2,
71883438,-2.2838E+2,
71945919,-2.3331E+2,
72008400,-2.3719E+2,
72070881,-2.6119E+2,
72133363,-2.5263E+2,
72195844,-2.4775E+2,
72258325,-2.7263E+2,
72320806,-2.7063E+2,
72383288,-2.7381E+2,
72445769,-2.7225E+2,
72508250,-2.9231E+2,
72570731,-2.9394E+2,
72633213,-2.965E+2,
72695694,-3.0906E+2,
72758175,-3.1519E+2,
72820656,-3.1244E+2,
72883138,-3.31E+2,
72945619,-3.3444E+2,
73008100,-3.4069E+2,
73070581,-3.4919E+2,
73133063,-3.4188E+2,
73195544,-3.4656E+2,
73258025,-3.71E+2,
73320506,-3.7856E+2,
73382988,-3.8356E+2,
73445469,-3.7463E+2,
73507950,-3.8144E+2,
73570431,-3.8531E+2,
73632913,-3.9919E+2,
73695394,-4.0781E+2,
73757875,-4.0919E+2,
73820356,-4.1763E+2,
73882838,-4.1681E+2,
73945319,-4.1356E+2,
74007800,-4.3081E+2,
74070281,-4.2284E+2,
74132763,-4.2359E+2,
74195244,-4.3656E+2,
74257725,-4.5619E+2,
74320206,-4.3553E+2,
74382688,-4.4169E+2,
74445169,-4.4966E+2,
74507650,-4.5328E+2,
74570131,-4.6344E+2,
74632613,-4.6581E+2,
74695094,-4.7594E+2,
74757575,-4.7378E+2,
74820056,-4.8013E+2,
74882538,-4.7838E+2,
74945019,-4.9063E+2,
75007500,-4.8853E+2,
75069981,-4.9113E+2,
75132463,-4.9497E+2,
75194944,-5.0497E+2,
75257425,-4.92E+2,
75319906,-5.0894E+2,
75382388,-4.9703E+2,
75444869,-5.065E+2,
75507350,-5.0103E+2,
75569831,-5.1216E+2,
75632313,-5.2128E+2,
75694794,-5.1366E+2,
75757275,-5.245E+2,
75819756,-5.2969E+2,
75882238,-5.3222E+2,
75944719,-5.3275E+2,
76007200,-5.2769E+2,
76069681,-5.4147E+2,
76132163,-5.4928E+2,
76194644,-5.4297E+2,
76257125,-5.4147E+2,
76319606,-5.4053E+2,
76382088,-5.4819E+2,
76444569,-5.4644E+2,
76507050,-5.4672E+2,
76569531,-5.5463E+2,
76632013,-5.5375E+2,
76694494,-5.5931E+2,
76756975,-5.5478E+2,
76819456,-5.6141E+2,
76881938,-5.6884E+2,
76944419,-5.6738E+2,
77006900,-5.6369E+2,
77069381,-5.7519E+2,
77131863,-5.7E+2,
77194344,-5.6678E+2,
77256825,-5.6569E+2,
77319306,-5.775E+2,
77381788,-5.7575E+2,
77444269,-5.7581E+2,
77506750,-5.7922E+2,
77569231,-5.6816E+2,
77631713,-5.845E+2,
77694194,-5.8219E+2,
77756675,-5.8856E+2,
77819156,-5.8069E+2,
77881638,-5.8584E+2,
77944119,-5.8931E+2,
78006600,-5.9194E+2,
78069081,-5.9128E+2,
78131563,-5.8453E+2,
78194044,-5.8988E+2,
78256525,-5.9581E+2,
78319006,-5.9575E+2,
78381488,-5.9003E+2,
78443969,-5.9638E+2,
78506450,-5.9488E+2,
78568931,-5.9172E+2,
78631413,-5.9681E+2,
78693894,-5.9369E+2,
78756375,-5.9863E+2,
78818856,-5.9884E+2,
78881338,-5.9947E+2,
78943819,-6.0381E+2,
79006300,-5.9447E+2,
79068781,-6.0575E+2,
79131263,-5.9653E+2,
79193744,-5.9825E+2,
79256225,-5.9891E+2,
79318706,-6.0016E+2,
79381188,-5.9916E+2,
79443669,-6.0434E+2,
79506150,-6.0441E+2,
79568631,-6.0269E+2,
79631113,-6.0406E+2,
79693594,-6.0425E+2,
79756075,-6.0497E+2,
79818556,-6.0241E+2,
79881038,-5.9894E+2,
79943519,-6.0091E+2,
80006000,-6.0344E+2,
80068481,-6.1225E+2,
80130963,-6.0034E+2,
80193444,-6.0228E+2,
80255925,-6.0669E+2,
80318406,-6.0462E+2,
80380888,-6.0856E+2,
80443369,-5.9881E+2,
80505850,-6.0384E+2,
80568331,-6.0663E+2,
80630813,-6.0213E+2,
80693294,-6.0766E+2,
80755775,-6.0013E+2,
80818256,-6.01E+2,
80880738,-6.0769E+2,
80943219,-6.0275E+2,
81005700,-6.0719E+2,
81068181,-6.0763E+2,
81130663,-6.0275E+2,
81193144,-6.0088E+2,
81255625,-5.9616E+2,
81318106,-6.0628E+2,
81380588,-6.0622E+2,
81443069,-6.0041E+2,
81505550,-6.0053E+2,
81568031,-6.0222E+2,
81630513,-6.0172E+2,
81692994,-5.9928E+2,
81755475,-6.0491E+2,
81817956,-5.9859E+2,
81880438,-6.0131E+2,
81942919,-5.9931E+2,
82005400,-5.9716E+2,
82067881,-5.9941E+2,
82130363,-6.0294E+2,
82192844,-5.9781E+2,
82255325,-5.9588E+2,
82317806,-6.0034E+2,
82380288,-5.9334E+2,
82442769,-5.9916E+2,
82505250,-5.9644E+2,
82567731,-5.9825E+2,
82630213,-5.9484E+2,
82692694,-5.985E+2,
82755175,-5.9469E+2,
82817656,-5.9444E+2,
82880138,-5.8988E+2,
82942619,-5.9275E+2,
83005100,-5.9203E+2,
83067581,-5.8863E+2,
83130063,-5.9263E+2,
83192544,-5.89E+2,
83255025,-5.9125E+2,
83317506,-5.9078E+2,
83379988,-5.9434E+2,
83442469,-5.8509E+2,
83504950,-5.9063E+2,
83567431,-5.8384E+2,
83629913,-5.8969E+2,
83692394,-5.8859E+2,
83754875,-5.84E+2,
83817356,-5.7994E+2,
83879838,-5.8338E+2,
83942319,-5.8259E+2,
84004800,-5.7694E+2,
84067281,-5.8738E+2,
84129763,-5.8606E+2,
84192244,-5.8688E+2,
84254725,-5.7331E+2,
84317206,-5.7988E+2,
84379688,-5.7972E+2,
84442169,-5.7384E+2,
84504650,-5.7606E+2,
84567131,-5.7903E+2,
84629613,-5.7294E+2,
84692094,-5.7294E+2,
84754575,-5.7791E+2,
84817056,-5.745E+2,
84879538,-5.7538E+2,
84942019,-5.7459E+2,
85004500,-5.7278E+2,
85066981,-5.7162E+2,
85129463,-5.675E+2,
85191944,-5.7191E+2,
85254425,-5.6613E+2,
85316906,-5.6334E+2,
85379388,-5.6706E+2,
85441869,-5.61E+2,
85504350,-5.6291E+2,
85566831,-5.64E+2,
85629313,-5.64E+2,
85691794,-5.6116E+2,
85754275,-5.6059E+2,
85816756,-5.6084E+2,
85879238,-5.5553E+2,
85941719,-5.5631E+2,
86004200,-5.5422E+2,
86066681,-5.555E+2,
86129163,-5.5687E+2,
86191644,-5.5819E+2,
86254125,-5.5197E+2,
86316606,-5.5541E+2,
86379088,-5.4972E+2,
86441569,-5.4806E+2,
86504050,-5.5181E+2,
86566531,-5.5331E+2,
86629013,-5.4803E+2,
86691494,-5.5253E+2,
86753975,-5.5216E+2,
86816456,-5.455E+2,
86878938,-5.4853E+2,
86941419,-5.4781E+2,
87003900,-5.4313E+2,
87066381,-5.4303E+2,
87128863,-5.4388E+2,
87191344,-5.4156E+2,
87253825,-5.3906E+2,
87316306,-5.4E+2,
87378788,-5.3844E+2,
87441269,-5.4128E+2,
87503750,-5.3997E+2,
87566231,-5.3722E+2,
87628713,-5.3709E+2,
87691194,-5.3772E+2,
87753675,-5.3444E+2,
87816156,-5.3394E+2,
87878638,-5.3578E+2,
87941119,-5.3534E+2,
88003600,-5.3303E+2,
88066081,-5.2906E+2,
88128563,-5.3225E+2,
88191044,-5.3144E+2,
88253525,-5.2553E+2,
88316006,-5.2975E+2,
88378488,-5.2763E+2,
88440969,-5.2419E+2,
88503450,-5.2891E+2,
88565931,-5.2616E+2,
88628413,-5.2734E+2,
88690894,-5.2447E+2,
88753375,-5.215E+2,
88815856,-5.2238E+2,
88878338,-5.2188E+2,
88940819,-5.2119E+2,
89003300,-5.2038E+2,
89065781,-5.1859E+2,
89128263,-5.2181E+2,
89190744,-5.1959E+2,
89253225,-5.1984E+2,
89315706,-5.1466E+2,
89378188,-5.15E+2,
89440669,-5.1247E+2,
89503150,-5.1416E+2,
89565631,-5.1431E+2,
89628113,-5.1256E+2,
89690594,-5.1284E+2,
89753075,-5.0825E+2,
89815556,-5.0625E+2,
89878038,-5.1125E+2,
89940519,-5.0867E+2,
90003000,-5.0759E+2,
90065481,-5.0722E+2,
90127963,-5.0405E+2,
90190444,-5.0198E+2,
90252925,-5.0264E+2,
90315406,-5.0313E+2,
90377888,-5.0283E+2,
90440369,-4.973E+2,
90502850,-4.9941E+2,
90565331,-4.9913E+2,
90627813,-4.9836E+2,
90690294,-4.9539E+2,
90752775,-4.9267E+2,
90815256,-4.9409E+2,
90877738,-4.9405E+2,
90940219,-4.9478E+2,
91002700,-4.9731E+2,
91065181,-4.9197E+2,
91127663,-4.9084E+2,
91190144,-4.8998E+2,
91252625,-4.9059E+2,
91315106,-4.9002E+2,
91377588,-4.8784E+2,
91440069,-4.8725E+2,
91502550,-4.8316E+2,
91565031,-4.8191E+2,
91627513,-4.8338E+2,
91689994,-4.8261E+2,
91752475,-4.8547E+2,
91814956,-4.8352E+2,
91877438,-4.803E+2,
91939919,-4.7927E+2,
92002400,-4.82E+2,
92064881,-4.7978E+2,
92127363,-4.7905E+2,
92189844,-4.7994E+2,
92252325,-4.7634E+2,
92314806,-4.7661E+2,
92377288,-4.763E+2,
92439769,-4.748E+2,
92502250,-4.7231E+2,
92564731,-4.697E+2,
92627213,-4.7586E+2,
92689694,-4.7102E+2,
92752175,-4.6788E+2,
92814656,-4.6953E+2,
92877138,-4.6792E+2,
92939619,-4.6677E+2,
93002100,-4.6519E+2,
93064581,-4.6616E+2,
93127063,-4.628E+2,
93189544,-4.6402E+2,
93252025,-4.6353E+2,
93314506,-4.625E+2,
93376988,-4.613E+2,
93439469,-4.622E+2,
93501950,-4.5989E+2,
93564431,-4.6052E+2,
93626913,-4.5622E+2,
93689394,-4.5833E+2,
93751875,-4.555E+2,
93814356,-4.5439E+2,
93876838,-4.552E+2,
93939319,-4.5159E+2,
94001800,-4.5317E+2,
94064281,-4.5034E+2,
94126763,-4.5109E+2,
94189244,-4.4836E+2,
94251725,-4.4814E+2,
94314206,-4.4717E+2,
94376688,-4.445E+2,
94439169,-4.4609E+2,
94501650,-4.4323E+2,
94564131,-4.4361E+2,
94626613,-4.43E+2,
94689094,-4.4258E+2,
94751575,-4.412E+2,
94814056,-4.3925E+2,
94876538,-4.3864E+2,
94939019,-4.3747E+2,
95001500,-4.3508E+2,
95063981,-4.3647E+2,
95126463,-4.3525E+2,
95188944,-4.3406E+2,
95251425,-4.3159E+2,
95313906,-4.3284E+2,
95376388,-4.2839E+2,
95438869,-4.305E+2,
95501350,-4.2613E+2,
95563831,-4.2927E+2,
95626313,-4.2339E+2,
95688794,-4.2539E+2,
95751275,-4.2248E+2,
95813756,-4.223E+2,
95876238,-4.2217E+2,
95938719,-4.1889E+2,
96001200,-4.1931E+2,
96063681,-4.1878E+2,
96126163,-4.1584E+2,
96188644,-4.1527E+2,
96251125,-4.1242E+2,
96313606,-4.1108E+2,
96376088,-4.1038E+2,
96438569,-4.0752E+2,
96501050,-4.0669E+2,
96563531,-4.055E+2,
96626013,-4.0356E+2,
96688494,-4.0217E+2,
96750975,-3.9941E+2,
96813456,-3.983E+2,
96875938,-3.9581E+2,
96938419,-3.9331E+2,
97000900,-3.9478E+2,
97063381,-3.9159E+2,
97125863,-3.8942E+2,
97188344,-3.8756E+2,
97250825,-3.8659E+2,
97313306,-3.8317E+2,
97375788,-3.8094E+2,
97438269,-3.8061E+2,
97500750,-3.7867E+2,
97563231,-3.7739E+2,
97625713,-3.7453E+2,
97688194,-3.745E+2,
97750675,-3.7097E+2,
97813156,-3.6923E+2,
97875638,-3.6928E+2,
97938119,-3.6578E+2,
98000600,-3.6434E+2,
98063081,-3.6308E+2,
98125563,-3.6091E+2,
98188044,-3.5977E+2,
98250525,-3.5841E+2,
98313006,-3.5648E+2,
98375488,-3.5308E+2,
98437969,-3.527E+2,
98500450,-3.5092E+2,
98562931,-3.5064E+2,
98625413,-3.498E+2,
98687894,-3.4684E+2,
98750375,-3.4719E+2,
98812856,-3.4592E+2,
98875338,-3.4566E+2,
98937819,-3.4481E+2,
99000300,-3.4177E+2,
99062781,-3.412E+2,
99125263,-3.412E+2,
99187744,-3.387E+2,
99250225,-3.3834E+2,
99312706,-3.3892E+2,
99375188,-3.3691E+2,
99437669,-3.3634E+2,
99500150,-3.3613E+2,
99562631,-3.3497E+2,
99625113,-3.3378E+2,
99687594,-3.34E+2,
99750075,-3.3078E+2,
99812556,-3.325E+2,
99875038,-3.3144E+2,
99937519,-3.3175E+2,
100000000,-3.3006E+2,

